"Year","Country","CountryName","Population","AverageTemperature","MinTemperature","MaxTemperature","GDP","Emissions","TotalDeaths","TotalAffected","TotalDamage"
1960,"AUS","Australia",10276477,21.2105,20.9885,21.4325,18573188487,88.1189,NA,NA,NA
1960,"BGD","Bangladesh",48199747,25.48425,25.2119166666667,25.7565833333333,4274893913,2.2119,18149,0,0
1960,"BRA","Brazil",72207554,24.7526666666667,24.402,25.1033333333333,15165569913,46.8518,NA,NA,NA
1960,"CAN","Canada",17909009,-4.40683333333333,-4.66458333333333,-4.14908333333333,41093453545,192.7162,NA,NA,NA
1960,"CHN","China",667070000,6.89091666666667,6.66,7.12183333333333,59716467625,778.9795,NA,NA,NA
1960,"DEU","Germany",72814900,8.51416666666667,8.297,8.73133333333333,NA,813.9502,NA,NA,NA
1960,"ESP","Spain",30455000,13.7815,13.49,14.073,12072126075,48.8656,NA,NA,NA
1960,"FRA","France",46814237,13.0276666666667,12.7135833333333,13.34175,62651474947,271.3608,NA,NA,NA
1960,"GBR","United Kingdom",52400000,8.91975,8.65175,9.18775,72328047042,584.02,NA,NA,NA
1960,"IDN","Indonesia",87792515,26.0291666666667,25.7945833333333,26.26375,NA,21.3852,NA,NA,NA
1960,"IND","India",449480608,24.2871666666667,24.0303333333333,24.544,36535925031,120.576,237,160000,0
1960,"ITA","Italy",50199700,13.0728333333333,12.7981666666667,13.3475,40385288344,109.2031,12,0,0
1960,"JPN","Japan",92500572,12.5998333333333,12.38325,12.8164166666667,44307342950,232.4996,179,0,0
1960,"MEX","Mexico",38174112,20.7465833333333,20.5166666666667,20.9765,1.304e+10,63.0523,NA,NA,NA
1960,"NGA","Nigeria",45137812,26.8174166666667,26.5474166666667,27.0874166666667,4196092258,3.4032,NA,NA,NA
1960,"PAK","Pakistan",44908293,20.7313333333333,20.4066666666667,21.056,3707055901,11.9264,NA,NA,NA
1960,"RUS","Russian Federation",119897000,-5.936,-6.2055,-5.6665,NA,889.983,NA,NA,NA
1961,"AUS","Australia",10483000,21.96425,21.7455833333333,22.1829166666667,19648336880,90.5039,NA,NA,NA
1961,"BGD","Bangladesh",49592802,25.06975,24.83825,25.30125,4817580184,2.2904,11266,0,11900
1961,"BRA","Brazil",74351763,25.1464166666667,24.8879166666667,25.4049166666667,15236854859,49.1445,323,1900,0
1961,"CAN","Canada",18271000,-5.06816666666667,-5.31316666666667,-4.82316666666667,40767969454,194.0007,0,0,0
1961,"CHN","China",660330000,7.05058333333333,6.83858333333333,7.26258333333333,50056868958,550.9585,NA,NA,NA
1961,"DEU","Germany",73377632,9.12416666666667,8.91141666666667,9.33691666666667,NA,834.8396,NA,NA,NA
1961,"ESP","Spain",30739250,14.6360833333333,14.4155833333333,14.8565833333333,13834300571,53.6069,NA,NA,NA
1961,"FRA","France",47444751,13.7018333333333,13.4180833333333,13.9855833333333,68346741504,281.3733,21,0,0
1961,"GBR","United Kingdom",52800000,9.00166666666667,8.73983333333333,9.2635,76694360636,588.6148,NA,NA,NA
1961,"IDN","Indonesia",90138235,25.7716666666667,25.5305,26.0128333333333,NA,26.0016,NA,NA,NA
1961,"IND","India",458494963,23.81525,23.5935833333333,24.0369166666667,38709096076,130.3929,3457,0,0
1961,"ITA","Italy",50536350,13.5705833333333,13.3159166666667,13.82525,44842760293,124.3749,NA,NA,NA
1961,"JPN","Japan",94943000,13.0455,12.8334166666667,13.2575833333333,53508617739,282.7869,653,0,0
1961,"MEX","Mexico",39394126,20.7239166666667,20.5294166666667,20.9184166666667,1.416e+10,65.2399,436,0,0
1961,"NGA","Nigeria",46062905,26.3685,26.06475,26.67225,4467200336,4.1096,NA,NA,NA
1961,"PAK","Pakistan",45984892,20.3768333333333,20.09825,20.6554166666667,4054599181,12.3496,NA,NA,NA
1961,"RUS","Russian Federation",121236000,-4.96033333333333,-5.1905,-4.73016666666667,NA,917.8258,NA,NA,NA
1962,"AUS","Australia",10742000,21.8029166666667,21.5369166666667,22.0689166666667,19888005376,94.8235,NA,NA,NA
1962,"BGD","Bangladesh",51030137,25.0329166666667,24.703,25.3628333333333,5081413340,2.5168,NA,NA,NA
1962,"BRA","Brazil",76573248,24.8423333333333,24.5755833333333,25.1090833333333,19926293839,53.6314,NA,NA,NA
1962,"CAN","Canada",18614000,-4.87383333333333,-5.16808333333333,-4.57958333333333,41978852041,206.9908,33,0,0
1962,"CHN","China",665770000,6.70366666666667,6.42625,6.98108333333333,47209359006,439.3421,NA,NA,NA
1962,"DEU","Germany",74025784,7.32491666666667,7.07375,7.57608333333333,NA,883.1686,NA,NA,NA
1962,"ESP","Spain",31023366,13.8125833333333,13.5335833333333,14.0915833333333,16138545209,59.9758,445,0,80000
1962,"FRA","France",48119649,12.4143333333333,12.09575,12.7329166666667,76313782252,298.8665,NA,NA,NA
1962,"GBR","United Kingdom",53250000,7.994,7.6965,8.2915,80601939635,592.9315,18,33,0
1962,"IDN","Indonesia",92558005,25.7894166666667,25.5200833333333,26.05875,NA,22.9749,NA,NA,NA
1962,"IND","India",467852537,23.88475,23.5974166666667,24.1720833333333,41599070242,143.4518,0,0,0
1962,"ITA","Italy",50879450,12.658,12.3686666666667,12.9473333333333,50383891899,146.255,NA,NA,NA
1962,"JPN","Japan",95832000,12.4661666666667,12.20875,12.7235833333333,60723018684,292.8644,234,0,0
1962,"MEX","Mexico",40649588,20.9933333333333,20.7365,21.2501666666667,1.52e+10,63.7437,50,0,0
1962,"NGA","Nigeria",47029140,26.6889166666667,26.3576666666667,27.0201666666667,4909302954,4.175,NA,NA,NA
1962,"PAK","Pakistan",47119361,20.4391666666667,20.1491666666667,20.7291666666667,4233095590,13.5699,NA,NA,NA
1962,"RUS","Russian Federation",122591000,-4.41625,-4.66025,-4.17225,NA,963.3179,NA,NA,NA
1963,"AUS","Australia",10950000,21.6978333333333,21.4960833333333,21.8995833333333,21501847911,100.9343,NA,NA,NA
1963,"BGD","Bangladesh",52532417,25.1055833333333,24.8360833333333,25.3750833333333,5319458351,2.8932,22109,0,0
1963,"BRA","Brazil",78854019,25.1715833333333,24.88225,25.4609166666667,23021477292,55.5509,146,0,0
1963,"CAN","Canada",18964000,-4.61208333333333,-4.85958333333333,-4.36458333333333,44657169109,210.9108,219,0,0
1963,"CHN","China",682335000,7.0525,6.84166666666667,7.26333333333333,50706799903,435.5176,NA,NA,NA
1963,"DEU","Germany",74714353,7.2205,6.98741666666667,7.45358333333333,NA,945.498,NA,NA,NA
1963,"ESP","Spain",31296651,13.39525,13.1471666666667,13.6433333333333,19074913948,58.7429,NA,NA,NA
1963,"FRA","France",48803680,12.0728333333333,11.8005833333333,12.3450833333333,85551113767,334.2264,NA,NA,NA
1963,"GBR","United Kingdom",53650000,7.79075,7.53733333333333,8.04416666666667,85443766670,603.3857,NA,NA,NA
1963,"IDN","Indonesia",95055665,25.8385833333333,25.6056666666667,26.0715,NA,22.7631,1690,78000,0
1963,"IND","India",477527970,24.09575,23.8218333333333,24.3696666666667,47776000900,154.0682,512,0,0
1963,"ITA","Italy",51252000,12.6045833333333,12.385,12.8241666666667,57710743060,164.5562,1917,0,0
1963,"JPN","Japan",96812000,12.29325,12.0818333333333,12.5046666666667,69498131797,324.8355,295,0,0
1963,"MEX","Mexico",41939880,20.8794166666667,20.6425833333333,21.11625,1.696e+10,66.2922,NA,NA,NA
1963,"NGA","Nigeria",48032246,27.0770833333333,26.7701666666667,27.384,5165489010,5.3436,NA,NA,NA
1963,"PAK","Pakistan",48309315,21.2510833333333,20.987,21.5151666666667,4540529105,15.6002,NA,NA,NA
1963,"RUS","Russian Federation",123960000,-5.00816666666667,-5.21441666666667,-4.80191666666667,NA,1033.1063,NA,NA,NA
1964,"AUS","Australia",11167000,21.65075,21.4411666666667,21.8603333333333,23758539590,108.8758,NA,NA,NA
1964,"BGD","Bangladesh",54129100,25.3045833333333,25.034,25.5751666666667,5386054619,2.9746,0,1000800,5250
1964,"BRA","Brazil",81168654,24.7340833333333,24.47775,24.9904166666667,21211892260,56.6667,100,120000,500
1964,"CAN","Canada",19325000,-5.457,-5.72408333333333,-5.18991666666667,48882938810,237.5777,NA,NA,NA
1964,"CHN","China",698355000,6.74608333333333,6.53716666666667,6.955,59708343489,435.7037,686,0,0
1964,"DEU","Germany",75318337,8.23633333333333,8.04166666666667,8.431,NA,968.9175,NA,NA,NA
1964,"ESP","Spain",31609195,14.06475,13.8213333333333,14.3081666666667,21343844644,64.3238,NA,NA,NA
1964,"FRA","France",49449403,12.9904166666667,12.721,13.2598333333333,94906593388,345.5381,NA,NA,NA
1964,"GBR","United Kingdom",NA,8.67916666666667,8.42491666666667,8.93341666666667,93387598814,607.866,NA,NA,NA
1964,"IDN","Indonesia",97638029,25.8355,25.6239166666667,26.0470833333333,NA,22.3743,NA,NA,NA
1964,"IND","India",487484535,24.0705,23.807,24.334,55726873084,150.639,0,0,0
1964,"ITA","Italy",51675350,12.9913333333333,12.7584166666667,13.22425,63175417019,175.7211,NA,NA,NA
1964,"JPN","Japan",97826000,12.34975,12.1534166666667,12.5460833333333,81749006382,358.8911,758,0,0
1964,"MEX","Mexico",43264272,20.5863333333333,20.3659166666667,20.80675,2.008e+10,74.2001,45,4000,3000
1964,"NGA","Nigeria",49066059,26.6306666666667,26.37575,26.8855833333333,5552822484,7.2667,NA,NA,NA
1964,"PAK","Pakistan",49551904,20.1418333333333,19.8761666666667,20.4075,5130407728,16.039,0,474427,4600
1964,"RUS","Russian Federation",125345000,-5.78583333333333,-6.01616666666667,-5.5555,NA,1098.7224,NA,NA,NA
1965,"AUS","Australia",11388000,22.0920833333333,21.8440833333333,22.3400833333333,25931235301,120.8527,NA,NA,NA
1965,"BGD","Bangladesh",55834038,25.0385,24.7498333333333,25.3271666666667,5906636557,3.1213,48921,15660000,57700
1965,"BRA","Brazil",83498020,24.9838333333333,24.6868333333333,25.2808333333333,21790035117,56.3296,22,270000,17000
1965,"CAN","Canada",19678000,-5.51666666666667,-5.785,-5.24833333333333,53909570342,251.917,26,22,0
1965,"CHN","China",715185000,6.79991666666667,6.56,7.03983333333333,70436266147,474.6806,0,0,27118
1965,"DEU","Germany",75963695,7.633,7.39891666666667,7.86708333333333,NA,960.1022,NA,NA,NA
1965,"ESP","Spain",31954292,13.6549166666667,13.3884166666667,13.9214166666667,24756958695,71.0205,30,0,0
1965,"FRA","France",50023774,12.5018333333333,12.2029166666667,12.80075,1.02e+11,352.1116,NA,NA,NA
1965,"GBR","United Kingdom",54348050,8.1545,7.87391666666667,8.43508333333333,1.01e+11,622.1116,NA,NA,NA
1965,"IDN","Indonesia",100308894,25.70175,25.4276666666667,25.9758333333333,NA,24.6682,111,0,0
1965,"IND","India",497702365,24.0909166666667,23.7985833333333,24.38325,58760424670,165.9614,1500560,0,0
1965,"ITA","Italy",52112350,12.4555833333333,12.1720833333333,12.7390833333333,67978153851,189.5284,92,0,0
1965,"JPN","Japan",98883000,11.6879166666667,11.4448333333333,11.931,90950278258,386.4712,289,3030770,0
1965,"MEX","Mexico",44623043,20.7345,20.47275,20.99625,2.184e+10,75.1679,27,0,8000
1965,"NGA","Nigeria",50127214,26.667,26.3540833333333,26.9799166666667,5874422512,11.7501,NA,NA,NA
1965,"PAK","Pakistan",50845221,20.4951666666667,20.1913333333333,20.799,5884712096,16.8296,10000,0,0
1965,"RUS","Russian Federation",126745000,-5.90741666666667,-6.18108333333333,-5.63375,NA,1165.5583,NA,NA,NA
1966,"AUS","Australia",11651000,21.361,21.1748333333333,21.5471666666667,27261731437,120.2193,NA,NA,NA
1966,"BGD","Bangladesh",57672990,25.4843333333333,25.2035833333333,25.7650833333333,6439687598,3.1763,889,2300000,23400
1966,"BRA","Brazil",85837799,25.0864166666667,24.8484166666667,25.3244166666667,27062716578,64.2116,946,0,0
1966,"CAN","Canada",20048000,-5.14133333333333,-5.37891666666667,-4.90375,60358632035,259.0744,0,0,0
1966,"CHN","China",735400000,6.962,6.778,7.146,76720285970,521.4589,0,0,0
1966,"DEU","Germany",76600311,8.64566666666667,8.41333333333333,8.878,NA,951.422,NA,NA,NA
1966,"ESP","Spain",32283194,13.9699166666667,13.723,14.2168333333333,28721062242,77.617,NA,NA,NA
1966,"FRA","France",50508717,13.2151666666667,12.9170833333333,13.51325,1.11e+11,347.6048,114,0,0
1966,"GBR","United Kingdom",54648500,8.55991666666667,8.30625,8.81358333333333,1.07e+11,618.0747,140,0,0
1966,"IDN","Indonesia",103067354,25.9439166666667,25.7295833333333,26.15825,NA,23.375,9264,775160,0
1966,"IND","India",508161935,24.4385833333333,24.177,24.7001666666667,45253641303,171.6884,65,1050000,5600
1966,"ITA","Italy",52519000,13.0405833333333,12.7904166666667,13.29075,73654870011,213.9823,70,1300000,2e+06
1966,"JPN","Japan",99790000,12.1344166666667,11.9451666666667,12.3236666666667,1.06e+11,419.2451,0,0,0
1966,"MEX","Mexico",46011038,20.3896666666667,20.1719166666667,20.6074166666667,2.432e+10,80.8446,14,90069,24000
1966,"NGA","Nigeria",51217359,26.7785833333333,26.4924166666667,27.06475,6366792664,12.8932,NA,NA,NA
1966,"PAK","Pakistan",52191095,20.5645833333333,20.3054166666667,20.82375,6466610752,17.1258,NA,NA,NA
1966,"RUS","Russian Federation",127468000,-6.30958333333333,-6.53458333333333,-6.08458333333333,NA,1230.9175,NA,NA,NA
1967,"AUS","Australia",11799000,21.6254166666667,21.426,21.8248333333333,30389741292,129.1442,662,0,668500
1967,"BGD","Bangladesh",59620669,24.9924166666667,24.7503333333333,25.2345,7253575399,3.3711,91,200,0
1967,"BRA","Brazil",88191378,25.0136666666667,24.76575,25.2615833333333,30591834054,66.0794,1256,0,0
1967,"CAN","Canada",20412000,-5.28208333333333,-5.52766666666667,-5.0365,64768831262,281.637,NA,NA,NA
1967,"CHN","China",754550000,6.40258333333333,6.19558333333333,6.60958333333333,72881631327,432.2236,NA,NA,NA
1967,"DEU","Germany",76951336,9.04166666666667,8.82075,9.26258333333333,NA,936.2294,NA,NA,NA
1967,"ESP","Spain",32682947,13.6979166666667,13.4519166666667,13.9439166666667,31647119228,86.394,NA,NA,NA
1967,"FRA","France",50915456,13.0875,12.8068333333333,13.3681666666667,1.19e+11,372.4753,93,0,0
1967,"GBR","United Kingdom",54943600,8.83316666666667,8.55425,9.11208333333333,1.11e+11,592.057,50,0,0
1967,"IDN","Indonesia",105907403,25.8350833333333,25.6131666666667,26.057,5667756645,24.54,485,0,0
1967,"IND","India",518889779,23.9920833333333,23.7233333333333,24.2608333333333,49466168891,172.0931,4606,0,0
1967,"ITA","Italy",52900500,13.13725,12.9194166666667,13.3550833333333,81133120065,234.1297,NA,NA,NA
1967,"JPN","Japan",100725000,12.2663333333333,12.0655,12.4671666666667,1.24e+11,489.3074,779,3235,0
1967,"MEX","Mexico",47429812,20.6833333333333,20.466,20.9006666666667,2.656e+10,90.0055,0,279345,184500
1967,"NGA","Nigeria",52341834,26.5951666666667,26.3033333333333,26.887,5203135937,12.8245,NA,NA,NA
1967,"PAK","Pakistan",53590929,20.3485833333333,20.0746666666667,20.6225,7403821903,18.1759,32,150000,2800
1967,"RUS","Russian Federation",128196000,-4.36325,-4.60941666666667,-4.11708333333333,NA,1287.1255,NA,NA,NA
1968,"AUS","Australia",12009000,21.4621666666667,21.2776666666667,21.6466666666667,32657632434,134.4969,0,6090,3600
1968,"BGD","Bangladesh",61579473,24.9405,24.7391666666667,25.1418333333333,7483685474,3.8657,339,15905754,200900
1968,"BRA","Brazil",90557064,24.63125,24.3974166666667,24.8650833333333,33875881876,77.2714,113,0,0
1968,"CAN","Canada",20744000,-4.64575,-4.86408333333333,-4.42741666666667,70759031842,303.2613,NA,NA,NA
1968,"CHN","China",774510000,6.727,6.5465,6.9075,70846535056,467.8056,NA,NA,NA
1968,"DEU","Germany",77294314,8.32358333333333,8.11925,8.52791666666667,NA,984.7908,NA,NA,NA
1968,"ESP","Spain",33113134,13.9388333333333,13.7195833333333,14.1580833333333,31475548481,97.0172,NA,NA,NA
1968,"FRA","France",51276054,12.79775,12.5584166666667,13.0370833333333,1.3e+11,385.101,95,0,0
1968,"GBR","United Kingdom",55211700,8.56591666666667,8.31708333333333,8.81475,1.05e+11,606.4883,53,0,0
1968,"IDN","Indonesia",108821564,25.9510833333333,25.7565833333333,26.1455833333333,7076465295,27.5626,252,0,0
1968,"IND","India",529967317,23.86475,23.6085,24.121,52377324284,187.1046,7459,0,0
1968,"ITA","Italy",53235750,12.84525,12.6239166666667,13.0665833333333,87942231678,249.1722,296,58563,0
1968,"JPN","Japan",101061000,12.1904166666667,12.0093333333333,12.3715,1.47e+11,561.9126,0,0,0
1968,"MEX","Mexico",48894019,20.3160833333333,20.0911666666667,20.541,2.936e+10,93.8872,55,0,0
1968,"NGA","Nigeria",53505978,26.804,26.4703333333333,27.1376666666667,5200895982,6.6259,NA,NA,NA
1968,"PAK","Pakistan",55042397,20.3418333333333,20.0864166666667,20.59725,8090088555,20.8418,37,1075,0
1968,"RUS","Russian Federation",128928000,-5.58958333333333,-5.80908333333333,-5.37008333333333,NA,1323.3053,NA,NA,NA
1969,"AUS","Australia",12263000,21.8475833333333,21.6649166666667,22.03025,36620002240,142.1238,NA,NA,NA
1969,"BGD","Bangladesh",63417394,25.2543333333333,25.0280833333333,25.4805833333333,8471006101,3.7493,849,199473,8329
1969,"BRA","Brazil",92935072,25.28275,25.0426666666667,25.5228333333333,37458898244,84.1327,316,38305,5770
1969,"CAN","Canada",21028000,-4.50233333333333,-4.73908333333333,-4.26558333333333,77887510242,307.1192,38,0,0
1969,"CHN","China",796025000,6.456,6.26533333333333,6.64666666666667,79705906247,575.9447,0,0,0
1969,"DEU","Germany",77909682,7.913,7.69608333333333,8.12991666666667,NA,1052.0008,NA,NA,NA
1969,"ESP","Spain",33441054,13.2113333333333,12.9871666666667,13.4355,36038711600,96.7369,NA,NA,NA
1969,"FRA","France",51638260,12.8335,12.5874166666667,13.0795833333333,1.41e+11,413.7595,23,0,0
1969,"GBR","United Kingdom",55441750,8.46791666666667,8.2225,8.71333333333333,1.13e+11,628.3825,NA,NA,NA
1969,"IDN","Indonesia",111800091,26.1130833333333,25.8824166666667,26.34375,8337423313,33.3622,0,250097,0
1969,"IND","India",541505076,24.5011666666667,24.2305,24.7718333333333,57668330026,190.4004,815,280092,8330
1969,"ITA","Italy",53537950,12.6295833333333,12.4058333333333,12.8533333333333,97085082807,269.661,NA,NA,NA
1969,"JPN","Japan",103172000,11.849,11.6640833333333,12.0339166666667,1.72e+11,653.2154,100,0,0
1969,"MEX","Mexico",50423481,20.9588333333333,20.755,21.1626666666667,3.248e+10,102.1762,76,0,0
1969,"NGA","Nigeria",54716735,27.2146666666667,26.96325,27.4660833333333,6634187316,12.0999,2000,80000,0
1969,"PAK","Pakistan",56542434,21.0341666666667,20.783,21.2853333333333,8632927257,20.2134,NA,NA,NA
1969,"RUS","Russian Federation",129664000,-6.76608333333333,-6.964,-6.56816666666667,NA,1378.1502,NA,NA,NA
1970,"AUS","Australia",12507000,21.77575,21.5914166666667,21.9600833333333,41261059469,147.4798,13,0,72475
1970,"BGD","Bangladesh",65047770,25.1865833333333,24.9345,25.4386666666667,8992721809,3.8032,0,13648110,111400
1970,"BRA","Brazil",95326793,25.1910833333333,24.9306666666667,25.4515,42327600098,93.5305,0,0,0
1970,"CAN","Canada",21324000,-5.10316666666667,-5.34666666666667,-4.85966666666667,87896095224,341.1772,119,0,0
1970,"CHN","China",818315000,6.56816666666667,6.37733333333333,6.759,92602973434,770.1672,10407,0,0
1970,"DEU","Germany",78169289,7.85608333333333,7.64083333333333,8.07133333333333,2.15e+11,1026.0223,NA,NA,NA
1970,"ESP","Spain",33814531,13.72,13.5001666666667,13.9398333333333,40881655099,116.7665,52,0,0
1970,"FRA","France",52035095,12.89925,12.65025,13.14825,1.48e+11,439.6251,258,0,0
1970,"GBR","United Kingdom",55663250,8.66975,8.41691666666667,8.92258333333333,1.31e+11,652.5774,NA,NA,NA
1970,"IDN","Indonesia",114834780,26.0601666666667,25.8518333333333,26.2685,9150684932,35.7914,132,0,0
1970,"IND","India",553578513,24.0740833333333,23.8378333333333,24.3103333333333,61589800520,194.729,0,0,0
1970,"ITA","Italy",53821850,12.8405833333333,12.6258333333333,13.0553333333333,1.13e+11,296.3645,72,1301850,271500
1970,"JPN","Japan",104345000,11.929,11.7366666666667,12.1213333333333,2.13e+11,767.9631,73,425,0
1970,"MEX","Mexico",52029861,20.4900833333333,20.2668333333333,20.7133333333333,3.552e+10,113.9507,35,0,0
1970,"NGA","Nigeria",55981400,26.9465,26.6799166666667,27.2130833333333,12545849083,21.52,NA,NA,NA
1970,"PAK","Pakistan",58090759,21.1893333333333,20.9108333333333,21.4678333333333,10027088849,20.5044,0,1105,60
1970,"RUS","Russian Federation",130404000,-5.52258333333333,-5.72208333333333,-5.32308333333333,NA,1449.5706,NA,NA,NA
1971,"AUS","Australia",12937000,21.6543333333333,21.4763333333333,21.8323333333333,45138313361,152.6295,30,0,139219
1971,"BGD","Bangladesh",66424744,24.6351666666667,24.3236666666667,24.9466666666667,8751842840,3.6061,163,0,0
1971,"BRA","Brazil",97728961,24.6085,24.3284166666667,24.8885833333333,49204456700,102.3579,239,13000,5200
1971,"CAN","Canada",21645535,-4.86958333333333,-5.09908333333333,-4.64008333333333,99271961478,352.2851,0,0,0
1971,"CHN","China",841105000,6.84625,6.67033333333333,7.02216666666667,99800958648,874.0164,NA,NA,NA
1971,"DEU","Germany",78312842,8.60016666666667,8.38291666666667,8.81741666666667,2.49e+11,1037.2361,NA,NA,NA
1971,"ESP","Spain",34224490,13.0915833333333,12.8755,13.3076666666667,46492797365,128.4585,0,0,155000
1971,"FRA","France",52480421,12.8691666666667,12.6175833333333,13.12075,1.66e+11,463.1427,NA,NA,NA
1971,"GBR","United Kingdom",55896223,9.0505,8.80083333333333,9.30016666666667,1.48e+11,660.3883,95,0,0
1971,"IDN","Indonesia",117921998,25.7929166666667,25.5866666666667,25.9991666666667,9333536360,38.9554,NA,NA,NA
1971,"IND","India",566224812,23.634,23.4179166666667,23.8500833333333,66452561866,205.3295,11041,7065000,560000
1971,"ITA","Italy",54073490,12.7889166666667,12.565,13.0128333333333,1.24e+11,311.0492,22,4220,41600
1971,"JPN","Japan",105697000,11.9834166666667,11.8103333333333,12.1565,2.4e+11,796.5444,297,0,0
1971,"MEX","Mexico",53718724,20.6403333333333,20.41925,20.8614166666667,3.92e+10,126.2114,17,0,0
1971,"NGA","Nigeria",57295210,26.7961666666667,26.5213333333333,27.071,9181769912,32.2515,NA,NA,NA
1971,"PAK","Pakistan",59687140,20.96625,20.67325,21.25925,10602058190,19.4406,NA,NA,NA
1971,"RUS","Russian Federation",131155000,-4.97116666666667,-5.188,-4.75433333333333,NA,1538.2421,NA,NA,NA
1972,"AUS","Australia",13177000,22.0120833333333,21.8163333333333,22.2078333333333,51954439252,157.3355,NA,NA,NA
1972,"BGD","Bangladesh",67597470,25.1438333333333,24.872,25.4156666666667,6288245867,3.5064,250,0,0
1972,"BRA","Brazil",100143598,25.0973333333333,24.85525,25.3394166666667,58539008786,114.0143,39,51,0
1972,"CAN","Canada",21993631,-6.80291666666667,-7.05483333333333,-6.551,1.13e+11,380.7866,67,0,0
1972,"CHN","China",862030000,6.81441666666667,6.64041666666667,6.98841666666667,1.14e+11,928.894,NA,NA,NA
1972,"DEU","Germany",78688452,8.05483333333333,7.83675,8.27291666666667,2.99e+11,1041.4795,NA,NA,NA
1972,"ESP","Spain",34604469,12.8106666666667,12.5928333333333,13.0285,58971806627,144.7162,0,0,0
1972,"FRA","France",52959228,12.5944166666667,12.3209166666667,12.8679166666667,2.03e+11,481.6113,168,111,0
1972,"GBR","United Kingdom",56086065,8.4925,8.22433333333333,8.76066666666667,1.7e+11,648.0264,0,0,0
1972,"IDN","Indonesia",121059513,26.0619166666667,25.8325,26.2913333333333,10997590361,43.3065,0,0,0
1972,"IND","India",579411513,24.2721666666667,23.9954166666667,24.5489166666667,70509913049,217.1819,0,0,0
1972,"ITA","Italy",54381345,12.7168333333333,12.4915,12.9421666666667,1.45e+11,328.2375,1,450,0
1972,"JPN","Japan",107188000,12.5921666666667,12.3909166666667,12.7934166666667,3.18e+11,852.1705,703,0,0
1972,"MEX","Mexico",55478151,20.975,20.75125,21.19875,4.52e+10,132.3287,249,101870,0
1972,"NGA","Nigeria",58662603,26.88575,26.6119166666667,27.1595833333333,12274416018,41.3876,21,100,0
1972,"PAK","Pakistan",61338261,20.1001666666667,19.8195,20.3808333333333,9309109764,18.903,NA,NA,NA
1972,"RUS","Russian Federation",131909000,-5.702,-5.93958333333333,-5.46441666666667,NA,1618.4149,NA,NA,NA
1973,"AUS","Australia",13380000,22.41275,22.2073333333333,22.6181666666667,63721973094,170.8274,12,12000,71000
1973,"BGD","Bangladesh",68691185,25.2655833333333,24.9759166666667,25.55525,8086725729,4.5506,2327,0,0
1973,"BRA","Brazil",102584278,25.1695833333333,24.9420833333333,25.3970833333333,79279057731,132.0196,20,0,16000
1973,"CAN","Canada",22369408,-4.1795,-4.42041666666667,-3.93858333333333,1.31e+11,381.2647,NA,NA,NA
1973,"CHN","China",881940000,7.20958333333333,7.01841666666667,7.40075,1.39e+11,965.6466,NA,NA,NA
1973,"DEU","Germany",78936666,8.40283333333333,8.18983333333333,8.61583333333333,3.97e+11,1085.7363,NA,NA,NA
1973,"ESP","Spain",34988947,13.4201666666667,13.1901666666667,13.6501666666667,78425934894,154.9573,519,0,0
1973,"FRA","France",53441264,12.8871666666667,12.6354166666667,13.1389166666667,2.64e+11,517.5783,254,0,0
1973,"GBR","United Kingdom",56194527,8.7935,8.54016666666667,9.04683333333333,1.93e+11,659.5773,58,164,0
1973,"IDN","Indonesia",124242298,26.2218333333333,25.9776666666667,26.466,16273253012,49.0986,1702,0,0
1973,"IND","India",593058926,24.3865833333333,24.1575,24.6156666666667,84374541630,223.6023,309,0,0
1973,"ITA","Italy",54751406,12.7985,12.5775833333333,13.0194166666667,1.75e+11,353.3492,38,5000,480000
1973,"JPN","Japan",108079000,12.41475,12.2080833333333,12.6214166666667,4.32e+11,914.2657,128,0,0
1973,"MEX","Mexico",57280587,20.4961666666667,20.2568333333333,20.7355,5.528e+10,144.1564,647,0,0
1973,"NGA","Nigeria",60110433,27.472,27.1605833333333,27.7834166666667,15162871287,49.5323,176,0,0
1973,"PAK","Pakistan",63059481,20.7395833333333,20.4121666666667,21.067,6324884129,20.0085,474,4800000,661500
1973,"RUS","Russian Federation",132669000,-4.83358333333333,-5.05183333333333,-4.61533333333333,NA,1686.7543,NA,NA,NA
1974,"AUS","Australia",13723000,21.2380833333333,21.0255833333333,21.4505833333333,88809137804,172.1894,0,0,0
1974,"BGD","Bangladesh",69884420,25.0395,24.729,25.35,12512460520,4.6566,0,0,0
1974,"BRA","Brazil",105069367,24.5815,24.37325,24.78975,1.05e+11,142.9273,2015,0,0
1974,"CAN","Canada",22774087,-5.64108333333333,-5.87383333333333,-5.40833333333333,1.6e+11,389.6052,0,0,0
1974,"CHN","China",900350000,6.65941666666667,6.45758333333333,6.86125,1.44e+11,985.0852,20000,0,0
1974,"DEU","Germany",78967433,8.97041666666667,8.77891666666667,9.16191666666667,4.44e+11,1062.7243,NA,NA,NA
1974,"ESP","Spain",35373335,13.3241666666667,13.09025,13.5580833333333,97009800115,172.6656,4,129,0
1974,"FRA","France",53882416,13.0404166666667,12.8065,13.2743333333333,2.86e+11,500.0189,346,0,0
1974,"GBR","United Kingdom",56229974,8.76016666666667,8.52066666666667,8.99966666666667,2.06e+11,617.1839,29,3100,0
1974,"IDN","Indonesia",127465231,25.8970833333333,25.65475,26.1394166666667,25802409639,51.2272,10,2000,0
1974,"IND","India",607050255,24.17575,23.9791666666667,24.3723333333333,98198276857,231.1847,280,0,0
1974,"ITA","Italy",55110868,12.8075833333333,12.5844166666667,13.03075,1.99e+11,358.2531,NA,NA,NA
1974,"JPN","Japan",110162000,11.7905,11.5855833333333,11.9954166666667,4.8e+11,914.3068,0,0,0
1974,"MEX","Mexico",59088193,20.6315,20.402,20.861,7.2e+10,154.8687,13,0,0
1974,"NGA","Nigeria",61673559,26.5926666666667,26.2965,26.8888333333333,24846641318,62.2355,NA,NA,NA
1974,"PAK","Pakistan",64870833,20.4351666666667,20.1550833333333,20.71525,8773030424,21.3874,4740,0,0
1974,"RUS","Russian Federation",133432000,-5.67175,-5.87775,-5.46575,NA,1750.9716,NA,NA,NA
1975,"AUS","Australia",13893000,21.6926666666667,21.47075,21.9145833333333,97147343985,175.7139,0,0,0
1975,"BGD","Bangladesh",71305923,25.1439166666667,24.80375,25.4840833333333,19448348073,4.8651,NA,NA,NA
1975,"BRA","Brazil",107612100,24.67675,24.466,24.8875,1.24e+11,150.5137,0,828707,0
1975,"CAN","Canada",23209000,-4.94566666666667,-5.199,-4.69233333333333,1.74e+11,396.7727,43,0,0
1975,"CHN","China",916395000,7.10091666666667,6.89825,7.30358333333333,1.63e+11,1142.1019,30500,0,0
1975,"DEU","Germany",78673554,9.09366666666667,8.87116666666667,9.31616666666667,4.89e+11,1002.4439,NA,NA,NA
1975,"ESP","Spain",35757900,13.37425,13.1404166666667,13.6080833333333,1.14e+11,181.0535,28,0,0
1975,"FRA","France",54252574,12.9625,12.7055833333333,13.2194166666667,3.61e+11,447.806,NA,NA,NA
1975,"GBR","United Kingdom",56225800,9.07791666666667,8.82716666666667,9.32866666666667,2.42e+11,603.2474,76,83,0
1975,"IDN","Indonesia",130724115,25.8985,25.654,26.143,30463855422,53.9337,NA,NA,NA
1975,"IND","India",621301720,23.8621666666667,23.6149166666667,24.1094166666667,97159222024,251.1933,1291,0,0
1975,"ITA","Italy",55441001,12.9371666666667,12.6825,13.1918333333333,2.27e+11,341.0526,12,0,0
1975,"JPN","Japan",111940000,12.337,12.1239166666667,12.5500833333333,5.22e+11,868.5114,98,0,0
1975,"MEX","Mexico",60872399,20.4493333333333,20.2128333333333,20.6858333333333,8.8e+10,164.3327,52,0,0
1975,"NGA","Nigeria",63373572,26.5085,26.2286666666667,26.7883333333333,27778934625,47.3517,NA,NA,NA
1975,"PAK","Pakistan",66787901,20.1145833333333,19.8186666666667,20.4105,11340000242,23.1878,14,0,0
1975,"RUS","Russian Federation",134200000,-4.14108333333333,-4.37066666666667,-3.9115,NA,1840.5008,NA,NA,NA
1976,"AUS","Australia",14033000,21.1934166666667,20.9765,21.4103333333333,1.05e+11,174.0747,0,0,0
1976,"BGD","Bangladesh",72999136,25.2021666666667,24.8946666666667,25.5096666666667,10117113333,5.5641,215,4000200,0
1976,"BRA","Brazil",110213082,24.719,24.46575,24.97225,1.53e+11,154.3981,NA,NA,NA
1976,"CAN","Canada",23518000,-4.79041666666667,-5.04141666666667,-4.53941666666667,2.07e+11,398.946,0,0,0
1976,"CHN","China",930685000,6.47116666666667,6.27333333333333,6.669,1.54e+11,1190.9645,242000,164000,5600000
1976,"DEU","Germany",78336950,8.6505,8.42233333333333,8.87866666666667,5.18e+11,1090.8366,NA,NA,NA
1976,"ESP","Spain",36137812,13.435,13.2004166666667,13.6695833333333,1.18e+11,197.7458,1,0,0
1976,"FRA","France",54541493,13.2783333333333,13.0160833333333,13.5405833333333,3.72e+11,506.6836,0,0,0
1976,"GBR","United Kingdom",56211968,9.09033333333333,8.83516666666667,9.3455,2.33e+11,598.5263,0,0,0
1976,"IDN","Indonesia",134010690,25.7808333333333,25.48175,26.0799166666667,37269156627,61.7906,1354,0,0
1976,"IND","India",635771734,24.1995833333333,23.96975,24.4294166666667,1.01e+11,262.5318,323,0,0
1976,"ITA","Italy",55718260,12.5031666666667,12.2640833333333,12.74225,2.24e+11,365.7957,0,0,0
1976,"JPN","Japan",112771000,11.7475,11.5363333333333,11.9586666666667,5.86e+11,907.1454,0,0,840000
1976,"MEX","Mexico",62623763,20.1456666666667,19.9038333333333,20.3875,89025974026,183.9914,735,578900,0
1976,"NGA","Nigeria",65226229,26.8099166666667,26.49675,27.1230833333333,36308883249,55.1896,NA,NA,NA
1976,"PAK","Pakistan",68813220,20.3749166666667,20.0960833333333,20.65375,13338484980,22.7885,338,5566000,505000
1976,"RUS","Russian Federation",135147000,-5.927,-6.16283333333333,-5.69116666666667,NA,1911.3261,NA,NA,NA
1977,"AUS","Australia",14192000,21.8925,21.7113333333333,22.0736666666667,1.1e+11,187.6049,0,0,0
1977,"BGD","Bangladesh",74925896,25.0465833333333,24.8044166666667,25.28875,9651149302,5.8026,907,234711,0
1977,"BRA","Brazil",112867867,25.1323333333333,24.91475,25.3499166666667,1.76e+11,162.0783,0,0,0
1977,"CAN","Canada",23796000,-3.84075,-4.0875,-3.594,2.12e+11,407.7714,0,0,0
1977,"CHN","China",943455000,6.85133333333333,6.66508333333333,7.03758333333333,1.75e+11,1304.4028,NA,NA,NA
1977,"DEU","Germany",78159814,8.80483333333333,8.62741666666667,8.98225,5.98e+11,1052.6041,NA,NA,NA
1977,"ESP","Spain",36511638,13.5485,13.3379166666667,13.7590833333333,1.32e+11,194.8289,NA,NA,NA
1977,"FRA","France",54764462,13.0165833333333,12.7951666666667,13.238,4.1e+11,481.9868,26,25000,0
1977,"GBR","United Kingdom",56193492,8.6495,8.41141666666667,8.88758333333333,2.63e+11,604.3621,6,0,1000
1977,"IDN","Indonesia",137322118,25.9025,25.6915,26.1135,45808915663,82.4205,327,327002,0
1977,"IND","India",650485030,24.2889166666667,24.0814166666667,24.4964166666667,1.2e+11,277.6483,0,15533891,0
1977,"ITA","Italy",55955411,13.03875,12.8510833333333,13.2264166666667,2.57e+11,354.4179,23,1000,194000
1977,"JPN","Japan",113863000,12.19825,12.0033333333333,12.3931666666667,7.21e+11,933.2387,0,0,0
1977,"MEX","Mexico",64345884,20.84125,20.6335,21.049,81814159292,192.7032,10,50000,0
1977,"NGA","Nigeria",67215805,26.8868333333333,26.5913333333333,27.1823333333333,36035407725,50.5046,NA,NA,NA
1977,"PAK","Pakistan",70946231,21.1893333333333,20.854,21.5246666666667,15126059646,24.3199,848,1022000,0
1977,"RUS","Russian Federation",136100000,-5.513,-5.732,-5.294,NA,1976.2968,NA,NA,NA
1978,"AUS","Australia",14358000,21.6051666666667,21.4233333333333,21.787,1.18e+11,201.8202,0,0,0
1978,"BGD","Bangladesh",77033846,25.039,24.727,25.351,13281767143,6.0054,1176,0,0
1978,"BRA","Brazil",115577669,24.9275,24.7114166666667,25.1435833333333,2.01e+11,175.9315,0,0,0
1978,"CAN","Canada",24036000,-5.3005,-5.5425,-5.0585,2.19e+11,415.5054,83,4,0
1978,"CHN","China",956165000,7.04816666666667,6.83483333333333,7.2615,1.5e+11,1455.2575,0,6000200,0
1978,"DEU","Germany",78091820,7.93275,7.72058333333333,8.14491666666667,7.38e+11,1079.1273,NA,NA,NA
1978,"ESP","Spain",36864898,13.7166666666667,13.4848333333333,13.9485,1.6e+11,199.5136,252,0,0
1978,"FRA","France",54947975,12.657,12.4268333333333,12.8871666666667,5.07e+11,506.8283,0,0,0
1978,"GBR","United Kingdom",56196504,8.54841666666667,8.30283333333333,8.794,3.36e+11,604.714,0,0,0
1978,"IDN","Indonesia",140665856,25.9850833333333,25.7654166666667,26.20475,51455719100,93.9446,226,298890,0
1978,"IND","India",665502284,24.0073333333333,23.7791666666667,24.2355,1.35e+11,281.5392,0,0,0
1978,"ITA","Italy",56155143,12.3736666666667,12.1518333333333,12.5955,3.14e+11,371.2742,0,11039,0
1978,"JPN","Japan",114898000,12.5053333333333,12.3055,12.7051666666667,1.01e+12,901.5914,0,2021167,0
1978,"MEX","Mexico",66039488,20.7555,20.5299166666667,20.9810833333333,1.03e+11,222.4915,0,0,0
1978,"NGA","Nigeria",69293550,26.7825,26.5106666666667,27.0543333333333,36527862209,48.2229,100,0,0
1978,"PAK","Pakistan",73194937,20.74325,20.4295833333333,21.0569166666667,17820100626,26.0506,393,2246000,0
1978,"RUS","Russian Federation",137060000,-5.25591666666667,-5.4755,-5.03633333333333,NA,2044.1249,NA,NA,NA
1979,"AUS","Australia",14514000,22.2523333333333,22.0605833333333,22.4440833333333,1.35e+11,204.8696,0,0,61134
1979,"BGD","Bangladesh",79236776,25.7110833333333,25.40775,26.0144166666667,15565480322,6.634,341,2332,0
1979,"BRA","Brazil",118342626,24.9443333333333,24.7405,25.1481666666667,2.25e+11,187.1551,0,6500000,0
1979,"CAN","Canada",24277000,-5.00575,-5.24133333333333,-4.77016666666667,2.43e+11,441.6469,0,0,0
1979,"CHN","China",969005000,7.07408333333333,6.90516666666667,7.243,1.78e+11,1487.1131,0,0,0
1979,"DEU","Germany",78126350,7.90166666666667,7.71675,8.08658333333333,8.78e+11,1117.8822,NA,NA,NA
1979,"ESP","Spain",37191330,13.8316666666667,13.6123333333333,14.051,2.14e+11,202.7462,92,120,0
1979,"FRA","France",55130594,12.8364166666667,12.611,13.0618333333333,6.14e+11,530.3821,11,2,0
1979,"GBR","United Kingdom",56246951,8.05275,7.82583333333333,8.27966666666667,4.39e+11,644.5133,NA,NA,NA
1979,"IDN","Indonesia",144053518,26.06,25.8056666666667,26.3143333333333,51400186379,95.1462,1094,0,0
1979,"IND","India",680915804,24.5535833333333,24.3553333333333,24.7518333333333,1.51e+11,295.299,0,0,0
1979,"ITA","Italy",56317749,12.8981666666667,12.71425,13.0820833333333,3.92e+11,385.2559,14,5024,0
1979,"JPN","Japan",115870000,12.8425833333333,12.6651666666667,13.02,1.06e+12,953.0729,121,0,0
1979,"MEX","Mexico",67709689,20.569,20.38075,20.75725,1.35e+11,240.7145,0,67535,0
1979,"NGA","Nigeria",71391290,27.0930833333333,26.8148333333333,27.3713333333333,47259911894,70.1856,24,27,0
1979,"PAK","Pakistan",75567682,20.7630833333333,20.4733333333333,21.0528333333333,19707979303,28.1345,113,0,0
1979,"RUS","Russian Federation",138027000,-5.90433333333333,-6.09608333333333,-5.71258333333333,NA,2061.0096,NA,NA,NA
1980,"AUS","Australia",14692000,22.5861666666667,22.4143333333333,22.758,1.5e+11,220.531,0,0,120903
1980,"BGD","Bangladesh",81470860,25.3406666666667,25.059,25.6223333333333,18138049096,7.621,666,10001050,0
1980,"BRA","Brazil",121159761,25.148,24.9404166666667,25.3555833333333,2.35e+11,185.7583,82,271048,0
1980,"CAN","Canada",24593000,-4.41691666666667,-4.67908333333333,-4.15475,2.74e+11,442.8173,0,5046,0
1980,"CHN","China",981235000,6.95008333333333,6.80616666666667,7.094,1.91e+11,1458.8867,6491,107200,0
1980,"DEU","Germany",78288576,7.72725,7.571,7.8835,9.47e+11,1100.0595,NA,NA,NA
1980,"ESP","Spain",37491165,13.60425,13.41025,13.79825,2.32e+11,213.9116,0,0,0
1980,"FRA","France",55340782,12.5558333333333,12.35375,12.7579166666667,7.01e+11,506.1981,14,0,0
1980,"GBR","United Kingdom",56314216,8.64316666666667,8.45041666666667,8.83591666666667,5.65e+11,579.036,0,10087,0
1980,"IDN","Indonesia",147490365,26.03025,25.8445833333333,26.2159166666667,72482337370,94.8856,0,78991,0
1980,"IND","India",696783517,24.5930833333333,24.3779166666667,24.80825,1.84e+11,312.4849,3946,0,0
1980,"ITA","Italy",56433883,12.2395833333333,12.0408333333333,12.4383333333333,4.76e+11,386.4334,4793,408000,0
1980,"JPN","Japan",116782000,11.7950833333333,11.648,11.9421666666667,1.11e+12,944.8703,88,0,0
1980,"MEX","Mexico",69360871,21.0356666666667,20.8545,21.2168333333333,1.94e+11,268.2858,171,106360,0
1980,"NGA","Nigeria",73460724,27.0636666666667,26.8018333333333,27.3255,64201788123,68.0352,NA,NA,NA
1980,"PAK","Pakistan",78068144,21.41125,21.10225,21.72025,23689696768,31.9316,93,86223,0
1980,"RUS","Russian Federation",139010000,-5.42075,-5.60583333333333,-5.23566666666667,NA,2142.0907,NA,NA,NA
1981,"AUS","Australia",14927000,22.1640833333333,21.96875,22.3594166666667,1.77e+11,230.1326,0,0,0
1981,"BGD","Bangladesh",83721268,24.9518333333333,24.6525,25.2511666666667,20249694002,7.9118,1085,2037000,0
1981,"BRA","Brazil",124030908,24.9834166666667,24.7491666666667,25.2176666666667,2.64e+11,170.4679,627,0,0
1981,"CAN","Canada",24900000,-2.86725,-3.14325,-2.59125,3.06e+11,429.5983,0,0,0
1981,"CHN","China",993885000,6.92641666666667,6.73466666666667,7.11816666666667,1.96e+11,1442.7823,0,0,0
1981,"DEU","Germany",78407907,8.3205,8.12241666666667,8.51858333333333,7.97e+11,1048.5166,NA,NA,NA
1981,"ESP","Spain",37758631,14.27325,14.02575,14.52075,2.02e+11,206.0958,0,0,0
1981,"FRA","France",55585824,13.0806666666667,12.844,13.3173333333333,6.16e+11,455.6122,0,0,0
1981,"GBR","United Kingdom",56333829,8.48708333333333,8.26891666666667,8.70525,5.41e+11,560.555,12,0,0
1981,"IDN","Indonesia",150978840,26.0309166666667,25.792,26.2698333333333,85518233451,100.3136,0,0,0
1981,"IND","India",713118032,24.2284166666667,24.01,24.4468333333333,1.91e+11,337.1052,2148,0,0
1981,"ITA","Italy",56501675,12.77675,12.5673333333333,12.9861666666667,4.29e+11,375.3006,12,306,0
1981,"JPN","Japan",117648000,11.6294166666667,11.4413333333333,11.8175,1.22e+12,926.8374,0,0,0
1981,"MEX","Mexico",70992195,20.75375,20.5265833333333,20.9809166666667,2.5e+11,284.3673,132,0,0
1981,"NGA","Nigeria",75482552,26.8029166666667,26.4883333333333,27.1175,61076493506,65.8105,NA,NA,NA
1981,"PAK","Pakistan",80696945,21.2053333333333,20.8845,21.5261666666667,28100605515,34.2328,404,0,0
1981,"RUS","Russian Federation",139941000,-4.16616666666667,-4.3715,-3.96083333333333,NA,2101.2213,NA,NA,NA
1982,"AUS","Australia",15178000,21.9105,21.7456666666667,22.0753333333333,1.94e+11,233.8886,1,0,31085
1982,"BGD","Bangladesh",86007331,25.1440833333333,24.90475,25.3834166666667,18525399202,8.5777,0,481540,0
1982,"BRA","Brazil",126947365,25.2303333333333,24.9956666666667,25.465,2.82e+11,170.7893,170,0,0
1982,"CAN","Canada",25202000,-5.87516666666667,-6.12466666666667,-5.62566666666667,3.14e+11,414.4264,0,1400,0
1982,"CHN","China",1008630000,7.14975,6.97466666666667,7.32483333333333,2.05e+11,1570.4683,707,0,0
1982,"DEU","Germany",78333366,9.07333333333333,8.88866666666667,9.258,7.74e+11,1015.7269,NA,NA,NA
1982,"ESP","Spain",37986012,14.205,14.0009166666667,14.4090833333333,1.95e+11,208.5981,117,0,0
1982,"FRA","France",55858727,13.6794166666667,13.4636666666667,13.8951666666667,5.85e+11,438.0107,0,0,0
1982,"GBR","United Kingdom",56313641,9.01458333333333,8.75175,9.27741666666667,5.15e+11,548.241,0,0,2500
1982,"IDN","Indonesia",154506265,25.94175,25.7020833333333,26.1814166666667,90158449307,105.6036,654,0,0
1982,"IND","India",729868013,24.21825,24.0283333333333,24.4081666666667,1.98e+11,347.8156,0,0,0
1982,"ITA","Italy",56543548,13.4399166666667,13.24725,13.6325833333333,4.26e+11,366.8796,0,10000,735000
1982,"JPN","Japan",118449000,12.3363333333333,12.1665833333333,12.5060833333333,1.13e+12,897.4097,0,176849,0
1982,"MEX","Mexico",72602533,21.0510833333333,20.838,21.2641666666667,1.74e+11,304.6776,479,0,0
1982,"NGA","Nigeria",77472907,26.8696666666667,26.5680833333333,27.17125,51397461686,65.3936,NA,NA,NA
1982,"PAK","Pakistan",83445863,20.5094166666667,20.187,20.8318333333333,30725972787,37.1896,68,10000,0
1982,"RUS","Russian Federation",140823000,-5.09758333333333,-5.30766666666667,-4.8875,NA,2140.7791,NA,NA,NA
1983,"AUS","Australia",15369000,22.2610833333333,22.0633333333333,22.4588333333333,1.77e+11,224.785,0,0,410012
1983,"BGD","Bangladesh",88338242,25.0698333333333,24.7718333333333,25.3678333333333,17609048822,8.2138,0,0,0
1983,"BRA","Brazil",129882321,25.35075,25.1071666666667,25.5943333333333,2.03e+11,165.427,218,0,0
1983,"CAN","Canada",25456000,-4.75175,-4.99233333333333,-4.51116666666667,3.41e+11,408.3097,0,0,58000
1983,"CHN","China",1023310000,6.92508333333333,6.73958333333333,7.11058333333333,2.31e+11,1655.8105,0,0,0
1983,"DEU","Germany",78128282,9.18566666666667,9.00741666666667,9.36391666666667,7.68e+11,1011.5972,NA,NA,NA
1983,"ESP","Spain",38171525,14.1945,13.9805,14.4085,1.7e+11,203.4347,399,507662,0
1983,"FRA","France",56156284,13.4878333333333,13.2744166666667,13.70125,5.6e+11,423.9521,0,0,0
1983,"GBR","United Kingdom",56332848,9.09166666666667,8.79858333333333,9.38475,4.9e+11,545.4858,5,12,0
1983,"IDN","Indonesia",158044343,26.2383333333333,26.0340833333333,26.4425833333333,81052283405,105.207,0,0,0
1983,"IND","India",746949067,23.938,23.76,24.116,2.15e+11,376.6763,1784,0,0
1983,"ITA","Italy",56564074,13.1883333333333,12.9485,13.4281666666667,4.42e+11,358.4096,0,0,0
1983,"JPN","Japan",119259000,12.1219166666667,11.9291666666667,12.3146666666667,1.24e+12,880.9115,0,30871,0
1983,"MEX","Mexico",74196548,20.6754166666667,20.4608333333333,20.89,1.49e+11,278.3062,408,0,0
1983,"NGA","Nigeria",79462277,27.02775,26.6831666666667,27.3723333333333,35451565749,59.7052,0,0,0
1983,"PAK","Pakistan",86297640,20.5728333333333,20.2726666666667,20.873,28691890433,40.0222,158,64943,0
1983,"RUS","Russian Federation",141668000,-3.95183333333333,-4.14641666666667,-3.75725,NA,2171.0891,NA,NA,NA
1984,"AUS","Australia",15544000,21.5169166666667,21.33475,21.6990833333333,1.93e+11,236.3612,36,0,3000
1984,"BGD","Bangladesh",90732362,25.0654166666667,24.77675,25.3540833333333,18920840000,9.1008,2400,0,0
1984,"BRA","Brazil",132800684,25.1099166666667,24.9145833333333,25.30525,2.09e+11,167.6056,1135,0,0
1984,"CAN","Canada",25702000,-4.63425,-4.8775,-4.391,3.55e+11,425.1993,0,30000,1e+06
1984,"CHN","China",1036825000,6.51791666666667,6.342,6.69383333333333,2.6e+11,1802.3171,144,0,0
1984,"DEU","Germany",77858685,8.123,7.92066666666667,8.32533333333333,7.22e+11,1033.2367,NA,NA,NA
1984,"ESP","Spain",38330364,13.36575,13.1744166666667,13.5570833333333,1.72e+11,197.6668,26,0,0
1984,"FRA","France",56470769,12.86825,12.63825,13.09825,5.31e+11,407.301,0,0,0
1984,"GBR","United Kingdom",56422072,8.90725,8.661,9.1535,4.61e+11,529.1089,0,0,0
1984,"IDN","Indonesia",161555583,25.77325,25.55425,25.99225,84853699994,112.4873,0,403747,0
1984,"IND","India",764245202,24.1850833333333,23.9958333333333,24.3743333333333,2.09e+11,385.9288,0,0,0
1984,"ITA","Italy",56576718,12.4863333333333,12.2735,12.6991666666667,4.36e+11,364.6016,0,0,0
1984,"JPN","Japan",120018000,11.6599166666667,11.46725,11.8525833333333,1.32e+12,937.0721,34,0,0
1984,"MEX","Mexico",75780605,20.5115,20.3068333333333,20.7161666666667,1.76e+11,277.5097,0,72448,0
1984,"NGA","Nigeria",81497739,27.0790833333333,26.73725,27.4209166666667,28500815241,69.4059,100,0,0
1984,"PAK","Pakistan",89228949,20.8750833333333,20.5385,21.2116666666667,31151824659,42.5573,0,0,0
1984,"RUS","Russian Federation",142745000,-5.29425,-5.48633333333333,-5.10216666666667,NA,2190.2891,NA,NA,NA
1985,"AUS","Australia",15758000,22.0434166666667,21.8318333333333,22.255,1.8e+11,240.988,0,0,168202
1985,"BGD","Bangladesh",93199865,25.4214166666667,25.11975,25.7230833333333,22278423077,10.2112,16555,0,0
1985,"BRA","Brazil",135676281,24.9656666666667,24.7285833333333,25.20275,2.23e+11,179.9368,0,0,0
1985,"CAN","Canada",25942000,-4.90116666666667,-5.14875,-4.65358333333333,3.65e+11,421.6756,0,0,0
1985,"CHN","China",1051040000,6.74025,6.54241666666667,6.93808333333333,3.09e+11,1951.7732,0,0,0
1985,"DEU","Germany",77684873,7.61333333333333,7.40633333333333,7.82033333333333,7.3e+11,1044.1101,NA,NA,NA
1985,"ESP","Spain",38469512,14.1318333333333,13.8885833333333,14.3750833333333,1.8e+11,199.931,0,0,0
1985,"FRA","France",56795686,12.628,12.3885833333333,12.8674166666667,5.53e+11,402.4593,0,0,0
1985,"GBR","United Kingdom",56550268,8.17325,7.93566666666667,8.41083333333333,4.89e+11,559.6281,248,445,0
1985,"IDN","Indonesia",165012196,25.9940833333333,25.756,26.2321666666667,85289491750,121.6304,0,15385,0
1985,"IND","India",781666671,24.4863333333333,24.272,24.7006666666667,2.29e+11,424.256,4373,0,0
1985,"ITA","Italy",56593071,13.0583333333333,12.8225833333333,13.2940833333333,4.51e+11,368.983,375,71,0
1985,"JPN","Japan",120754000,12.2813333333333,12.0829166666667,12.47975,1.4e+12,912.403,0,0,0
1985,"MEX","Mexico",77360707,20.6039166666667,20.3815,20.8263333333333,1.84e+11,288.4057,0,2135303,0
1985,"NGA","Nigeria",83613300,26.95925,26.6473333333333,27.2711666666667,28873977228,69.6359,0,6000,8000
1985,"PAK","Pakistan",92219488,21.28275,20.9836666666667,21.5818333333333,31144920554,46.8135,5,12038,2000
1985,"RUS","Russian Federation",143858000,-5.52116666666667,-5.74825,-5.29408333333333,NA,2362.1321,NA,NA,NA
1986,"AUS","Australia",16018400,22.09325,21.9111666666667,22.2753333333333,1.82e+11,239.7222,15,0,265839
1986,"BGD","Bangladesh",95742431,25.29425,24.9945833333333,25.5939166666667,21774033333,11.4337,2561,0,0
1986,"BRA","Brazil",138499464,25.131,24.9310833333333,25.3309166666667,2.68e+11,197.2262,0,0,0
1986,"CAN","Canada",26204000,-4.84391666666667,-5.08841666666667,-4.59941666666667,3.77e+11,404.6601,0,14471,0
1986,"CHN","China",1066790000,6.87016666666667,6.68391666666667,7.05641666666667,3.01e+11,2052.242,0,0,0
1986,"DEU","Germany",77720436,8.08508333333333,7.89725,8.27291666666667,1.04e+12,1047.4633,NA,NA,NA
1986,"ESP","Spain",38584624,13.87625,13.6435,14.109,2.51e+11,189.1122,NA,NA,NA
1986,"FRA","France",57132691,12.8716666666667,12.6555,13.0878333333333,7.71e+11,387.4211,5,2000,0
1986,"GBR","United Kingdom",56681396,8.00275,7.79,8.2155,6.01e+11,568.5548,0,0,0
1986,"IDN","Indonesia",168402025,26.0571666666667,25.8433333333333,26.271,79954072570,122.2043,510,0,0
1986,"IND","India",799181436,24.2945,24.0740833333333,24.5149166666667,2.46e+11,455.0665,2072,0,0
1986,"ITA","Italy",56596155,13.1328333333333,12.931,13.3346666666667,6.38e+11,363.1882,21,0,0
1986,"JPN","Japan",121492000,11.6914166666667,11.5209166666667,11.8619166666667,2.08e+12,912.2622,0,0,0
1986,"MEX","Mexico",78934125,20.8506666666667,20.65675,21.0445833333333,1.29e+11,294.4666,207,0,0
1986,"NGA","Nigeria",85818502,27.06725,26.751,27.3835,20721499308,73.1922,0,0,0
1986,"PAK","Pakistan",95264460,20.6405833333333,20.36225,20.9189166666667,31899071054,49.0586,0,0,0
1986,"RUS","Russian Federation",144894000,-4.89225,-5.0995,-4.685,NA,2368.15,NA,NA,NA
1987,"AUS","Australia",16263900,22.0724166666667,21.9148333333333,22.23,1.89e+11,255.8502,NA,NA,NA
1987,"BGD","Bangladesh",98343809,25.6424166666667,25.36875,25.9160833333333,24298032258,11.8303,3818,0,0
1987,"BRA","Brazil",141273488,25.5634166666667,25.3575833333333,25.76925,2.94e+11,205.7887,0,0,0
1987,"CAN","Canada",26550000,-3.34333333333333,-3.58108333333333,-3.10558333333333,4.31e+11,430.9217,27,0,450000
1987,"CHN","China",1084035000,7.249,7.09025,7.40775,2.73e+11,2191.053,0,0,0
1987,"DEU","Germany",77839920,7.58925,7.41133333333333,7.76716666666667,1.29e+12,1032.4339,NA,NA,NA
1987,"ESP","Spain",38684815,14.4609166666667,14.24825,14.6735833333333,3.18e+11,189.5076,0,0,0
1987,"FRA","France",57482591,12.9551666666667,12.7568333333333,13.1535,9.34e+11,379.6927,0,0,0
1987,"GBR","United Kingdom",56802050,8.33025,8.13175,8.52875,7.45e+11,571.6685,0,0,0
1987,"IDN","Indonesia",171728917,26.3683333333333,26.171,26.5656666666667,75929617577,123.9224,0,0,0
1987,"IND","India",816792741,24.7890833333333,24.58875,24.9894166666667,2.75e+11,486.0673,2667,0,0
1987,"ITA","Italy",56601931,13.1765,12.9855,13.3675,8.03e+11,380.0993,0,0,0
1987,"JPN","Japan",122091000,12.5438333333333,12.38,12.7076666666667,2.53e+12,902.5328,10,87662,0
1987,"MEX","Mexico",80503052,20.4551666666667,20.2503333333333,20.66,1.4e+11,307.2896,153,0,0
1987,"NGA","Nigeria",88101628,27.61325,27.336,27.8905,24093203445,59.0244,0,0,0
1987,"PAK","Pakistan",98357473,21.4368333333333,21.1783333333333,21.6953333333333,33351528115,52.9885,78,0,0
1987,"RUS","Russian Federation",145908000,-6.274,-6.44633333333333,-6.10166666666667,NA,2467.7245,NA,NA,NA
1988,"AUS","Australia",16532200,22.6300833333333,22.46575,22.7944166666667,2.36e+11,260.8788,17,0,88472
1988,"BGD","Bangladesh",100975321,25.7096666666667,25.44425,25.9750833333333,26579005760,13.5103,4296,0,0
1988,"BRA","Brazil",144001542,25.1773333333333,24.9885,25.3661666666667,3.3e+11,207.563,0,0,0
1988,"CAN","Canada",26895000,-4.12516666666667,-4.35641666666667,-3.89391666666667,5.07e+11,455.608,0,0,0
1988,"CHN","China",1101630000,7.22083333333333,7.04525,7.39641666666667,3.12e+11,2347.7635,0,76257544,0
1988,"DEU","Germany",78144619,9.19558333333333,9.03041666666667,9.36075,1.4e+12,1029.0144,NA,NA,NA
1988,"ESP","Spain",38766939,14.1613333333333,13.9805833333333,14.3420833333333,3.75e+11,197.4574,NA,NA,NA
1988,"FRA","France",57836486,13.5809166666667,13.37625,13.7855833333333,1.02e+12,374.6584,89,343,0
1988,"GBR","United Kingdom",56928327,8.97308333333333,8.77858333333333,9.16758333333333,9.1e+11,570.2949,230,0,0
1988,"IDN","Indonesia",175000916,26.2506666666667,26.046,26.4553333333333,84300174477,132.7693,475,0,0
1988,"IND","India",834489322,24.72775,24.56075,24.89475,2.93e+11,525.0817,8902,0,0
1988,"ITA","Italy",56629288,13.5076666666667,13.3296666666667,13.6856666666667,8.89e+11,385.963,32,0,0
1988,"JPN","Japan",122613000,11.9676666666667,11.81125,12.1240833333333,3.07e+12,985.4671,0,0,0
1988,"MEX","Mexico",82083919,20.7360833333333,20.5465,20.9256666666667,1.83e+11,307.0178,0,0,0
1988,"NGA","Nigeria",90450281,27.0378333333333,26.7775833333333,27.2980833333333,23272161397,70.4213,0,0,0
1988,"PAK","Pakistan",101474835,21.81225,21.5431666666667,22.0813333333333,38472741737,57.6073,486,0,0
1988,"RUS","Russian Federation",146857000,-4.33041666666667,-4.52391666666667,-4.13691666666667,NA,2535.2876,NA,NA,NA
1989,"AUS","Australia",16814400,21.8628333333333,21.6499166666667,22.07575,2.99e+11,277.4856,98,0,0
1989,"BGD","Bangladesh",103599232,25.30475,24.9995,25.61,28781714764,13.4163,0,0,0
1989,"BRA","Brazil",146691981,24.8714166666667,24.6611666666667,25.0816666666667,4.26e+11,212.1136,378,0,0
1989,"CAN","Canada",27379000,-5.07333333333333,-5.32266666666667,-4.824,5.65e+11,462.8177,0,0,0
1989,"CHN","China",1118650000,7.23975,7.03658333333333,7.44291666666667,3.48e+11,2386.885,3909,0,0
1989,"DEU","Germany",78751283,9.67983333333333,9.47125,9.88841666666667,1.39e+12,1012.7496,NA,NA,NA
1989,"ESP","Spain",38827764,15.0459166666667,14.8095,15.2823333333333,4.14e+11,224.8848,45,0,0
1989,"FRA","France",58182702,13.9300833333333,13.6831666666667,14.177,1.03e+12,392.9411,0,0,0
1989,"GBR","United Kingdom",57076711,9.5875,9.35333333333333,9.82166666666667,9.27e+11,581.5773,215,0,0
1989,"IDN","Indonesia",178233223,26.054,25.808,26.3,94451427898,131.7319,0,99038,0
1989,"IND","India",852270034,24.1623333333333,23.9440833333333,24.3805833333333,2.92e+11,576.4045,2930,0,0
1989,"ITA","Italy",56671781,13.3291666666667,13.0855833333333,13.57275,9.26e+11,404.7427,25,0,0
1989,"JPN","Japan",123116000,12.91175,12.7275833333333,13.0959166666667,3.05e+12,1021.6848,80,0,0
1989,"MEX","Mexico",83697891,20.9651666666667,20.7175833333333,21.21275,2.23e+11,361.8023,0,0,0
1989,"NGA","Nigeria",92844353,26.3761666666667,26.0633333333333,26.689,24231168859,42.1194,0,0,0
1989,"PAK","Pakistan",104588490,20.65,20.3219166666667,20.9780833333333,40171019643,60.3166,305,0,0
1989,"RUS","Russian Federation",147721000,-4.07325,-4.28608333333333,-3.86041666666667,5.07e+11,2481.7172,NA,NA,NA
1990,"AUS","Australia",17065100,22.35575,22.17,22.5415,3.11e+11,278.4244,0,0,0
1990,"BGD","Bangladesh",106188642,25.28175,24.9331666666667,25.6303333333333,31598341234,15.49,1380,0,0
1990,"BRA","Brazil",149352145,25.2749166666667,25.0576666666667,25.4921666666667,4.62e+11,206.9211,68,0,0
1990,"CAN","Canada",27791000,-5.02191666666667,-5.29316666666667,-4.75066666666667,5.94e+11,463.8798,0,0,0
1990,"CHN","China",1135185000,7.636,7.4515,7.8205,3.61e+11,2420.3021,1819,48277220,0
1990,"DEU","Germany",79433029,9.6895,9.46983333333333,9.90916666666667,1.76e+12,1052.9975,0,0,0
1990,"ESP","Spain",38867322,14.7620833333333,14.5271666666667,14.997,5.35e+11,231.895,0,0,0
1990,"FRA","France",58512808,14.0388333333333,13.8004166666667,14.27725,1.27e+12,403.1017,73,0,0
1990,"GBR","United Kingdom",57247586,9.67458333333333,9.44216666666667,9.907,1.09e+12,601.0676,0,0,0
1990,"IDN","Indonesia",181436821,26.2378333333333,25.9603333333333,26.5153333333333,1.06e+11,150.3454,522,0,0
1990,"IND","India",870133480,24.1781666666667,23.9418333333333,24.4145,3.17e+11,616.5791,4077,0,0
1990,"ITA","Italy",56719240,13.7169166666667,13.51175,13.9220833333333,1.18e+12,439.9441,0,0,0
1990,"JPN","Japan",123537000,13.5905833333333,13.3878333333333,13.7933333333333,3.13e+12,1155.2634,67,148366,5713000
1990,"MEX","Mexico",85357874,20.9608333333333,20.7505833333333,21.1710833333333,2.63e+11,318.4148,536,0,0
1990,"NGA","Nigeria",95269988,27.3661666666667,26.97375,27.7585833333333,30757075595,38.8572,269,0,0
1990,"PAK","Pakistan",107678614,21.3764166666667,21.05375,21.6990833333333,40010424929,67.8285,551,0,0
1990,"RUS","Russian Federation",148292000,-4.02291666666667,-4.25091666666667,-3.79491666666667,5.17e+11,2571.2107,NA,NA,NA
1991,"AUS","Australia",17284000,22.4874166666667,22.338,22.6368333333333,3.25e+11,279.8724,0,0,0
1991,"BGD","Bangladesh",108727432,25.1351666666667,24.9406666666667,25.3296666666667,30957483950,15.9026,142679,0,0
1991,"BRA","Brazil",151976577,25.2921666666667,25.1325,25.4518333333333,6.03e+11,217.2275,0,0,0
1991,"CAN","Canada",28171682,-4.42666666666667,-4.63533333333333,-4.218,6.1e+11,454.6275,0,0,0
1991,"CHN","China",1150780000,7.09716666666667,6.94158333333333,7.25275,3.83e+11,2538.924,5927,0,0
1991,"DEU","Germany",80013896,8.52308333333333,8.3455,8.70066666666667,1.86e+12,1014.9723,0,0,0
1991,"ESP","Spain",38966376,14.0071666666667,13.8039166666667,14.2104166666667,5.76e+11,241.465,0,0,0
1991,"FRA","France",58559311,13.1395,12.9363333333333,13.3426666666667,1.27e+12,428.6495,0,0,0
1991,"GBR","United Kingdom",57424897,8.82833333333333,8.6195,9.03716666666667,1.14e+12,609.0204,0,0,0
1991,"IDN","Indonesia",184615979,26.0751666666667,25.8885833333333,26.26175,1.17e+11,180.6953,0,0,0
1991,"IND","India",888054875,24.31175,24.126,24.4975,2.67e+11,656.7409,3787,0,0
1991,"ITA","Italy",56758521,12.8535,12.6704166666667,13.0365833333333,1.24e+12,440.0944,0,0,0
1991,"JPN","Japan",123921000,12.7831666666667,12.6235833333333,12.94275,3.58e+12,1167.0405,0,0,0
1991,"MEX","Mexico",87071512,20.8396666666667,20.65575,21.0235833333333,3.14e+11,331.3743,283,91899,0
1991,"NGA","Nigeria",97726323,27.0433333333333,26.75975,27.3269166666667,27392886873,41.9291,7827,0,0
1991,"PAK","Pakistan",110730420,20.9013333333333,20.5631666666667,21.2395,45451960732,67.4778,1250,0,0
1991,"RUS","Russian Federation",148624000,-4.237,-4.41858333333333,-4.05541666666667,5.18e+11,2437.0381,127,46,0
1992,"AUS","Australia",17495000,21.9325833333333,21.7046666666667,22.1605,3.25e+11,284.9121,0,7000120,1878000
1992,"BGD","Bangladesh",111221938,25.12225,24.908,25.3365,31708874594,17.7088,510,0,0
1992,"BRA","Brazil",154564278,25.2513333333333,25.0220833333333,25.4805833333333,4.01e+11,218.3835,137,147553,0
1992,"CAN","Canada",28519597,-4.92891666666667,-5.20058333333333,-4.65725,5.92e+11,468.8648,0,0,0
1992,"CHN","China",1164970000,6.85841666666667,6.66016666666667,7.05666666666667,4.27e+11,2657.1124,0,0,0
1992,"DEU","Germany",80624598,9.50583333333333,9.2505,9.76116666666667,2.12e+12,966.7058,0,0,0
1992,"ESP","Spain",39157685,13.95525,13.703,14.2075,6.29e+11,250.3269,0,0,0
1992,"FRA","France",58851217,13.4629166666667,13.2039166666667,13.7219166666667,1.4e+12,418.4452,174,0,0
1992,"GBR","United Kingdom",57580402,9.025,8.774,9.276,1.18e+12,593.5041,11,0,0
1992,"IDN","Indonesia",187766086,26.1701666666667,25.95775,26.3825833333333,1.28e+11,203.6594,2910,402196,0
1992,"IND","India",906021106,24.2229166666667,24.0068333333333,24.439,2.84e+11,698.7569,2086,0,0
1992,"ITA","Italy",56797087,13.58175,13.3391666666667,13.8243333333333,1.32e+12,439.2104,14,1200,0
1992,"JPN","Japan",124229000,12.48425,12.263,12.7055,3.91e+12,1176.9426,0,40624,0
1992,"MEX","Mexico",88828310,20.6503333333333,20.4154166666667,20.88525,3.64e+11,334.208,283,42600,176000
1992,"NGA","Nigeria",100221563,26.6636666666667,26.3335833333333,26.99375,29300903643,46.2651,601,0,0
1992,"PAK","Pakistan",113747135,20.7085,20.3665833333333,21.0504166666667,48635176853,72.015,1875,12842230,0
1992,"RUS","Russian Federation",148689000,-4.90325,-5.147,-4.6595,4.6e+11,1993.2176,0,0,0
1993,"AUS","Australia",17667000,22.1601666666667,21.9844166666667,22.3359166666667,3.12e+11,289.2349,0,3033100,0
1993,"BGD","Bangladesh",113695139,25.0031666666667,24.7905,25.2158333333333,33166519418,17.3679,754,0,0
1993,"BRA","Brazil",157132682,25.3549166666667,25.1448333333333,25.565,4.38e+11,228.3332,99,15,0
1993,"CAN","Canada",28833410,-4.4015,-4.622,-4.181,5.77e+11,467.8796,0,0,0
1993,"CHN","China",1178440000,6.91941666666667,6.74675,7.09208333333333,4.45e+11,2835.7955,0,0,0
1993,"DEU","Germany",81156363,8.6335,8.45366666666667,8.81333333333333,2.07e+12,956.9942,11,0,1010000
1993,"ESP","Spain",39361262,13.5006666666667,13.2919166666667,13.7094166666667,5.24e+11,241.8178,40,0,0
1993,"FRA","France",59106768,13.1501666666667,12.92825,13.3720833333333,1.32e+12,398.6448,53,0,0
1993,"GBR","United Kingdom",57718614,8.66975,8.4575,8.882,1.06e+12,579.4028,4,600,187000
1993,"IDN","Indonesia",190879523,26.1388333333333,25.9705,26.3071666666667,1.58e+11,219.8563,0,0,0
1993,"IND","India",924057817,24.4086666666667,24.1934166666667,24.6239166666667,2.76e+11,722.8943,0,0,0
1993,"ITA","Italy",56831821,13.4096666666667,13.1953333333333,13.624,1.06e+12,431.601,34,1120,0
1993,"JPN","Japan",124536000,12.0551666666667,11.8805,12.2298333333333,4.45e+12,1170.1967,0,0,0
1993,"MEX","Mexico",90600453,20.9388333333333,20.74625,21.1314166666667,5.01e+11,339.4729,0,0,0
1993,"NGA","Nigeria",102761737,27.1033333333333,26.82575,27.3809166666667,15789003753,44.8134,170,0,0
1993,"PAK","Pakistan",116749560,21.4448333333333,21.0830833333333,21.8065833333333,51478304860,77.1766,0,0,0
1993,"RUS","Russian Federation",148520000,-4.62175,-4.82625,-4.41725,4.35e+11,1890.935,0,0,0
1994,"AUS","Australia",17855000,22.03025,21.8171666666667,22.2433333333333,3.22e+11,294.0146,0,0,0
1994,"BGD","Bangladesh",116182267,25.2616666666667,25.0328333333333,25.4905,33768660883,18.928,730,0,0
1994,"BRA","Brazil",159705123,25.4546666666667,25.2628333333333,25.6465,5.58e+11,239.4707,0,0,0
1994,"CAN","Canada",29111906,-4.43366666666667,-4.6805,-4.18683333333333,5.78e+11,483.0585,0,0,0
1994,"CHN","China",1191835000,7.496,7.31141666666667,7.68058333333333,5.64e+11,3010.2422,0,0,0
1994,"DEU","Germany",81438348,9.847,9.66275,10.03125,2.21e+12,940.408,13,0,1438700
1994,"ESP","Spain",39549108,14.651,14.4391666666667,14.8628333333333,5.29e+11,254.234,0,0,0
1994,"FRA","France",59327192,14.1561666666667,13.9281666666667,14.3841666666667,1.39e+12,393.3949,13,410,1e+05
1994,"GBR","United Kingdom",57865745,9.15075,8.9325,9.369,1.14e+12,575.6574,100,901,0
1994,"IDN","Indonesia",193945272,26.08425,25.8956666666667,26.2728333333333,1.77e+11,222.9676,0,3594278,0
1994,"IND","India",942204249,24.2964166666667,24.0645,24.5283333333333,3.23e+11,764.242,3514,0,0
1994,"ITA","Italy",56843400,14.2848333333333,14.05725,14.5124166666667,1.1e+12,425.4906,99,17707,0
1994,"JPN","Japan",124961000,13.22975,13.0578333333333,13.4016666666667,4.91e+12,1225.1734,274,1919,0
1994,"MEX","Mexico",92349147,21.32575,21.11125,21.54025,5.28e+11,353.2382,0,75760,0
1994,"NGA","Nigeria",105355783,26.8188333333333,26.5378333333333,27.0998333333333,18086400536,34.9337,90,0,0
1994,"PAK","Pakistan",119769556,21.1630833333333,20.8551666666667,21.471,51894781282,84.0193,0,840306,0
1994,"RUS","Russian Federation",148336000,-4.89841666666667,-5.1125,-4.68433333333333,3.95e+11,1669.6371,703,0,0
1995,"AUS","Australia",18072000,21.9551666666667,21.8014166666667,22.1089166666667,3.67e+11,305.4098,9,931869,0
1995,"BGD","Bangladesh",118706871,25.4158333333333,25.204,25.6276666666667,37939748769,22.7714,2556,0,0
1995,"BRA","Brazil",162296612,25.5544166666667,25.3505833333333,25.75825,7.69e+11,255.5834,388,0,0
1995,"CAN","Canada",29354000,-4.31433333333333,-4.539,-4.08966666666667,6.04e+11,495.6645,0,0,0
1995,"CHN","China",1204855000,7.21158333333333,7.0535,7.36966666666667,7.35e+11,3265.057,0,0,0
1995,"DEU","Germany",81678051,9.0335,8.85841666666667,9.20858333333333,2.59e+12,940.0867,0,0,0
1995,"ESP","Spain",39724050,15.0721666666667,14.8463333333333,15.298,6.13e+11,267.8322,44,0,0
1995,"FRA","France",59541899,13.89975,13.6888333333333,14.1106666666667,1.6e+12,400.5639,0,0,0
1995,"GBR","United Kingdom",58019030,9.41958333333333,9.21283333333333,9.62633333333333,1.34e+12,566.8341,0,0,0
1995,"IDN","Indonesia",196957849,26.2296666666667,26.0706666666667,26.3886666666667,2.02e+11,226.6699,278,352740,0
1995,"IND","India",960482795,24.42975,24.2411666666667,24.6183333333333,3.55e+11,811.4608,4201,0,0
1995,"ITA","Italy",56844303,13.2340833333333,13.0346666666667,13.4335,1.17e+12,451.9789,49,0,0
1995,"JPN","Japan",125439000,12.4754166666667,12.31275,12.6380833333333,5.45e+12,1237.8528,0,0,0
1995,"MEX","Mexico",94045579,21.3706666666667,21.1784166666667,21.5629166666667,3.6e+11,333.0098,0,0,0
1995,"NGA","Nigeria",108011465,27.1651666666667,26.8321666666667,27.4981666666667,28546958641,35.5753,46,0,0
1995,"PAK","Pakistan",122829148,21.0739166666667,20.8001666666667,21.3476666666667,60636022423,83.6151,1206,0,0
1995,"RUS","Russian Federation",148375726,-3.13016666666667,-3.33441666666667,-2.92591666666667,3.96e+11,1640.2632,0,0,0
1996,"AUS","Australia",18311000,22.3253333333333,22.1645,22.4861666666667,4e+11,312.3612,48,636289,0
1996,"BGD","Bangladesh",121269645,25.44025,25.2230833333333,25.6574166666667,46438484108,23.9496,1136,0,0
1996,"BRA","Brazil",164913306,25.3378333333333,25.1686666666667,25.507,8.5e+11,281.1948,409,14327,0
1996,"CAN","Canada",29671900,-4.94116666666667,-5.16491666666667,-4.71741666666667,6.29e+11,510.5568,0,0,0
1996,"CHN","China",1217550000,6.96266666666667,6.80741666666667,7.11791666666667,8.64e+11,3408.3466,6315,175304799,0
1996,"DEU","Germany",81914831,7.37441666666667,7.2045,7.54433333333333,2.5e+12,960.1743,0,0,0
1996,"ESP","Spain",39889852,14.15125,13.9423333333333,14.3601666666667,6.41e+11,255.448,0,4227,0
1996,"FRA","France",59753100,13.0139166666667,12.8113333333333,13.2165,1.61e+12,416.1896,5,0,6010
1996,"GBR","United Kingdom",58166950,8.55116666666667,8.36158333333333,8.74075,1.41e+12,588.4935,0,12201,330000
1996,"IDN","Indonesia",199914831,26.215,26.07675,26.35325,2.27e+11,255.2071,845,0,0
1996,"IND","India",978893217,24.4369166666667,24.2518333333333,24.622,3.88e+11,878.827,0,0,0
1996,"ITA","Italy",56860281,13.007,12.7955833333333,13.2184166666667,1.31e+12,444.5616,0,700,0
1996,"JPN","Japan",125757000,12.0828333333333,11.9264166666667,12.23925,4.83e+12,1249.8757,51,0,0
1996,"MEX","Mexico",95687452,21.1321666666667,20.9194166666667,21.3449166666667,4.11e+11,347.422,0,0,0
1996,"NGA","Nigeria",110732904,27.1946666666667,26.9071666666667,27.4821666666667,34987951375,39.4006,5913,0,0
1996,"PAK","Pakistan",125938339,20.9338333333333,20.6620833333333,21.2055833333333,63320122807,93.5374,385,0,0
1996,"RUS","Russian Federation",148160042,-4.81033333333333,-5.02083333333333,-4.59983333333333,3.92e+11,1606.949,0,0,0
1997,"AUS","Australia",18517000,22.086,21.89725,22.27475,4.35e+11,320.7947,0,0,0
1997,"BGD","Bangladesh",123854640,24.85925,24.63875,25.07975,48244309133,24.948,802,0,0
1997,"BRA","Brazil",167545164,25.5594166666667,25.389,25.7298333333333,8.83e+11,296.5853,0,88776,0
1997,"CAN","Canada",29987200,-4.2315,-4.45375,-4.00925,6.53e+11,525.2531,0,0,0
1997,"CHN","China",1230075000,7.36733333333333,7.2035,7.53116666666667,9.62e+11,3414.5493,0,0,0
1997,"DEU","Germany",82034771,9.04866666666667,8.85625,9.24108333333333,2.22e+12,932.3474,0,0,0
1997,"ESP","Spain",40057389,15.1059166666667,14.8569166666667,15.3549166666667,5.89e+11,268.0587,0,2227,0
1997,"FRA","France",59964851,14.096,13.8591666666667,14.3328333333333,1.45e+12,409.4499,0,0,0
1997,"GBR","United Kingdom",58316954,9.64425,9.43225,9.85625,1.55e+12,562.4847,0,0,0
1997,"IDN","Indonesia",202826465,26.3719166666667,26.1849166666667,26.5589166666667,2.16e+11,280.8965,1793,0,0
1997,"IND","India",997405318,24.0473333333333,23.82425,24.2704166666667,4.1e+11,915.0493,4052,0,0
1997,"ITA","Italy",56890372,13.8388333333333,13.6135,14.0641666666667,1.24e+12,449.4656,0,0,0
1997,"JPN","Japan",126057000,12.7524166666667,12.579,12.9258333333333,4.41e+12,1243.3671,0,67475,0
1997,"MEX","Mexico",97281739,20.8985833333333,20.7015,21.0956666666667,5e+11,370.4064,578,0,0
1997,"NGA","Nigeria",113522705,27.1449166666667,26.8145833333333,27.47525,35822342618,42.0611,280,0,0
1997,"PAK","Pakistan",129086987,20.73875,20.36775,21.10975,62433300338,93.7876,669,0,0
1997,"RUS","Russian Federation",147915307,-4.2965,-4.54241666666667,-4.05058333333333,4.05e+11,1502.1374,0,0,0
1998,"AUS","Australia",18711000,22.6648333333333,22.4940833333333,22.8355833333333,3.99e+11,334.6841,20,15175,384000
1998,"BGD","Bangladesh",126447965,25.5241666666667,25.3376666666667,25.7106666666667,49984559471,23.9111,1670,15449304,0
1998,"BRA","Brazil",170170640,25.95875,25.782,26.1355,8.64e+11,308.3057,0,10274420,0
1998,"CAN","Canada",30247900,-2.55391666666667,-2.78383333333333,-2.324,6.32e+11,534.2365,0,0,0
1998,"CHN","China",1241935000,8.05183333333333,7.91541666666667,8.18825,1.03e+12,3265.9026,5388,254901904,0
1998,"DEU","Germany",82047195,9.17175,9.01541666666667,9.32808333333333,2.24e+12,924.4045,105,45,0
1998,"ESP","Spain",40223509,14.552,14.3488333333333,14.7551666666667,6.17e+11,276.636,0,0,0
1998,"FRA","France",60186288,13.7206666666667,13.5281666666667,13.9131666666667,1.5e+12,429.789,51,0,0
1998,"GBR","United Kingdom",58487141,9.46275,9.26191666666667,9.66358333333333,1.64e+12,567.4862,40,253300,1865400
1998,"IDN","Indonesia",205715544,26.75475,26.5986666666667,26.9108333333333,95445547873,216.1049,0,173228,0
1998,"IND","India",1015974042,24.7554166666667,24.59075,24.9200833333333,4.16e+11,933.5493,10686,0,0
1998,"ITA","Italy",56906744,13.6623333333333,13.4308333333333,13.8938333333333,1.27e+12,460.2403,0,0,0
1998,"JPN","Japan",126400000,13.24475,13.092,13.3975,4.03e+12,1203.7105,0,74027,0
1998,"MEX","Mexico",98821456,21.53175,21.3535,21.71,5.27e+11,390.1793,0,0,0
1998,"NGA","Nigeria",116385750,27.6119166666667,27.28175,27.9420833333333,32004613750,37.5878,1446,0,0
1998,"PAK","Pakistan",132253264,21.66275,21.3119166666667,22.0135833333333,62191955814,96.7421,1392,0,0
1998,"RUS","Russian Federation",147670692,-5.28108333333333,-5.47566666666667,-5.0865,2.71e+11,1484.8522,0,0,0
1999,"AUS","Australia",18926000,22.0645,21.8875,22.2415,3.88e+11,344.0633,20,12748,0
1999,"BGD","Bangladesh",129029691,25.7148333333333,25.5108333333333,25.9188333333333,51270569884,25.0174,0,0,0
1999,"BRA","Brazil",172759243,25.2865833333333,25.1413333333333,25.4318333333333,5.99e+11,316.2824,0,0,0
1999,"CAN","Canada",30499200,-3.18633333333333,-3.40458333333333,-2.96808333333333,6.76e+11,550.0432,0,5870,0
1999,"CHN","China",1252735000,7.84025,7.68925,7.99125,1.09e+12,3258.1349,0,0,0
1999,"DEU","Germany",82100243,9.62075,9.46083333333333,9.78066666666667,2.2e+12,896.8827,30,0,2186230
1999,"ESP","Spain",40386875,14.3665,14.172,14.561,6.33e+11,300.1766,0,0,0
1999,"FRA","France",60496718,13.9049166666667,13.71425,14.0955833333333,1.49e+12,425.6747,0,0,0
1999,"GBR","United Kingdom",58682466,9.66333333333333,9.43491666666667,9.89175,1.67e+12,560.5053,0,775,0
1999,"IDN","Indonesia",208612556,26.1335,25.9755,26.2915,1.4e+11,244.1016,0,0,0
1999,"IND","India",1034539214,24.6598333333333,24.48875,24.8309166666667,4.53e+11,995.2331,12799,0,0
1999,"ITA","Italy",56916317,13.763,13.5655,13.9605,1.25e+12,464.6015,0,0,0
1999,"JPN","Japan",126631000,13.0800833333333,12.9204166666667,13.23975,4.56e+12,1239.8401,101,372083,0
1999,"MEX","Mexico",100300579,21.1285,20.89975,21.35725,6e+11,392.3245,0,0,0
1999,"NGA","Nigeria",119327073,27.3291666666667,26.975,27.6833333333333,35870792988,40.0192,1064,0,0
1999,"PAK","Pakistan",135405584,21.863,21.5521666666667,22.1738333333333,62973855719,99.3905,816,0,0
1999,"RUS","Russian Federation",147214392,-4.82975,-5.03358333333333,-4.62591666666667,1.96e+11,1512.9847,0,0,0
2000,"AUS","Australia",19153000,21.7096666666667,21.5336666666667,21.8856666666667,4.15e+11,350.1946,0,0,0
2000,"BGD","Bangladesh",131581243,25.1501666666667,24.9569166666667,25.3434166666667,53369787319,27.5049,0,0,0
2000,"BRA","Brazil",175287587,25.1965,25.0314166666667,25.3615833333333,6.55e+11,324.226,0,0,0
2000,"CAN","Canada",30769700,-4.02591666666667,-4.25058333333333,-3.80125,7.42e+11,572.5307,17,2840,0
2000,"CHN","China",1262645000,7.23808333333333,7.0625,7.41366666666667,1.21e+12,3349.2948,0,25402607,0
2000,"DEU","Germany",82211508,10.0204166666667,9.825,10.2158333333333,1.95e+12,900.9601,31,121,0
2000,"ESP","Spain",40567864,14.46875,14.2185,14.719,5.95e+11,311.9261,0,0,0
2000,"FRA","France",60912500,13.9673333333333,13.7395,14.1951666666667,1.36e+12,420.6527,125,2531,0
2000,"GBR","United Kingdom",58892514,9.37966666666667,9.17033333333333,9.589,1.65e+12,567.0615,0,21544,7418150
2000,"IDN","Indonesia",211540429,26.19025,26.0065833333333,26.3739166666667,1.65e+11,265.9832,0,0,0
2000,"IND","India",1053050912,24.498,24.29775,24.69825,4.62e+11,1029.6378,0,0,0
2000,"ITA","Italy",56942108,14.1255,13.8869166666667,14.3640833333333,1.14e+12,470.7677,59,0,0
2000,"JPN","Japan",126843000,12.8338333333333,12.64725,13.0204166666667,4.89e+12,1262.7345,0,0,0
2000,"MEX","Mexico",101719673,21.2320833333333,21.00125,21.4629166666667,7.08e+11,397.8997,0,0,0
2000,"NGA","Nigeria",122352009,27.0335,26.6556666666667,27.4113333333333,46386011231,75.76,0,8441,0
2000,"PAK","Pakistan",138523285,21.8225,21.5165,22.1285,73952374970,105.4184,349,0,0
2000,"RUS","Russian Federation",146596557,-4.54566666666667,-4.76408333333333,-4.32725,2.6e+11,1499.6162,0,0,0
2001,"AUS","Australia",19413000,21.79275,21.6313333333333,21.9541666666667,3.78e+11,357.6687,0,8608,321600
2001,"BGD","Bangladesh",134107160,25.337,25.0704166666667,25.6035833333333,53991289844,31.9439,703,730990,0
2001,"BRA","Brazil",177750670,25.5044166666667,25.3345,25.6743333333333,5.59e+11,332.9874,0,0,0
2001,"CAN","Canada",31081900,-3.10008333333333,-3.33725,-2.86291666666667,7.36e+11,564.6353,0,1629,0
2001,"CHN","China",1271850000,7.59641666666667,7.42216666666667,7.77066666666667,1.34e+12,3426.1441,0,0,0
2001,"DEU","Germany",82349925,9.09041666666667,8.90566666666667,9.27516666666667,1.95e+12,917.4768,0,0,0
2001,"ESP","Spain",40850412,14.6160833333333,14.4035,14.8286666666667,6.26e+11,313.892,106,0,0
2001,"FRA","France",61357430,13.6965,13.4783333333333,13.9146666666667,1.38e+12,425.8825,0,34984,0
2001,"GBR","United Kingdom",59119673,9.14008333333333,8.91633333333333,9.36383333333333,1.62e+12,575.9275,0,340,0
2001,"IDN","Indonesia",214506502,26.32975,26.1413333333333,26.5181666666667,1.6e+11,297.7706,0,122287,0
2001,"IND","India",1071477855,24.5819166666667,24.3793333333333,24.7845,4.79e+11,1035.6407,21485,0,0
2001,"ITA","Italy",56974100,13.95425,13.73525,14.17325,1.16e+12,476.2019,0,0,0
2001,"JPN","Japan",127149000,12.45,12.2741666666667,12.6258333333333,4.3e+12,1248.0874,118,0,0
2001,"MEX","Mexico",103067068,21.133,20.8855,21.3805,7.57e+11,412.6274,45,0,0
2001,"NGA","Nigeria",125463434,27.0946666666667,26.6961666666667,27.4931666666667,44137994252,85.4351,1522,0,0
2001,"PAK","Pakistan",141601437,21.9304166666667,21.5751666666667,22.2856666666667,72309738921,107.1262,0,0,0
2001,"RUS","Russian Federation",145976083,-4.49066666666667,-4.71108333333333,-4.27025,3.07e+11,1538.2444,0,0,0
2002,"AUS","Australia",19651400,22.4608333333333,22.29075,22.6309166666667,3.94e+11,362.2091,0,0,0
2002,"BGD","Bangladesh",136600667,25.3803333333333,25.0169166666667,25.74375,54724081491,33.1854,1340,1721574,0
2002,"BRA","Brazil",180151021,25.8003333333333,25.6395833333333,25.9610833333333,5.08e+11,327.4348,0,0,0
2002,"CAN","Canada",31362000,-4.36283333333333,-4.60008333333333,-4.12558333333333,7.58e+11,570.8851,0,0,0
2002,"CHN","China",1280400000,7.79566666666667,7.62683333333333,7.9645,1.47e+12,3782.4393,0,285295604,0
2002,"DEU","Germany",82488495,9.63733333333333,9.47725,9.79741666666667,2.08e+12,900.9551,0,0,0
2002,"ESP","Spain",41431558,14.6479166666667,14.4301666666667,14.8656666666667,7.05e+11,334.0071,0,1802,0
2002,"FRA","France",61805267,14.0481666666667,13.8395,14.2568333333333,1.49e+12,420.9195,52,3751,0
2002,"GBR","United Kingdom",59370479,9.67966666666667,9.46575,9.89358333333333,1.77e+12,560.041,26,0,0
2002,"IDN","Indonesia",217508059,26.529,26.3389166666667,26.7190833333333,1.96e+11,307.5782,0,609945,0
2002,"IND","India",1089807112,24.913,24.71925,25.10675,5.08e+11,1047.5957,0,0,0
2002,"ITA","Italy",57059007,13.934,13.7346666666667,14.1333333333333,1.27e+12,477.7093,0,0,0
2002,"JPN","Japan",127445000,12.8373333333333,12.6741666666667,13.0005,4.12e+12,1277.2365,0,101047,0
2002,"MEX","Mexico",104355608,21.225,20.9873333333333,21.4626666666667,7.72e+11,413.9726,0,0,0
2002,"NGA","Nigeria",128666710,27.46425,27.04125,27.88725,59116847822,93.3961,0,0,0
2002,"PAK","Pakistan",144654143,22.0255,21.7354166666667,22.3155833333333,72306820396,112.9036,315,160083,0
2002,"RUS","Russian Federation",145306046,-4.12291666666667,-4.33108333333333,-3.91475,3.45e+11,1528.9617,0,0,0
2003,"AUS","Australia",19895400,22.4403333333333,22.2151666666667,22.6655,4.66e+11,369.7258,0,5196,0
2003,"BGD","Bangladesh",139019001,25.2808333333333,24.9098333333333,25.6518333333333,60158929188,35.1406,1713,553360,0
2003,"BRA","Brazil",182482149,25.621,25.3899166666667,25.8520833333333,5.58e+11,317.5084,0,756196,0
2003,"CAN","Canada",31676000,-3.8595,-4.123,-3.596,8.92e+11,587.5963,50,0,0
2003,"CHN","China",1288400000,7.522,7.30416666666667,7.73983333333333,1.66e+12,4452.3103,0,0,0
2003,"DEU","Germany",82534176,9.49425,9.26941666666667,9.71908333333333,2.51e+12,901.9699,0,0,0
2003,"ESP","Spain",42187645,14.9969166666667,14.736,15.2578333333333,9.07e+11,337.9792,0,0,0
2003,"FRA","France",62244886,14.3379166666667,14.0668333333333,14.609,1.84e+12,428.0028,19565,0,0
2003,"GBR","United Kingdom",59647577,9.74208333333333,9.4885,9.99566666666667,2.04e+12,571.601,0,0,0
2003,"IDN","Indonesia",220545214,26.4455,26.2235833333333,26.6674166666667,2.35e+11,316.8542,0,688273,0
2003,"IND","India",1108027848,24.6499166666667,24.3934166666667,24.9064166666667,6e+11,1091.873,0,0,0
2003,"ITA","Italy",57313203,14.2969166666667,14.04725,14.5465833333333,1.57e+12,491.4807,0,0,0
2003,"JPN","Japan",127718000,12.507,12.287,12.727,4.45e+12,1285.3854,46,24484,1319000
2003,"MEX","Mexico",105640453,21.3294166666667,21.0609166666667,21.5979166666667,7.29e+11,439.7861,0,0,0
2003,"NGA","Nigeria",131972533,27.429,26.9985,27.8595,67655813930,101.3056,900,210486,0
2003,"PAK","Pakistan",147703401,21.4320833333333,21.0816666666667,21.7825,83244801093,117.4907,0,0,0
2003,"RUS","Russian Federation",144648257,-3.83283333333333,-4.08825,-3.57741666666667,4.3e+11,1562.4724,0,0,0
2004,"AUS","Australia",20127400,22.2869166666667,22.1229166666667,22.4509166666667,6.12e+11,383.2049,0,0,0
2004,"BGD","Bangladesh",141307489,25.3863333333333,24.9980833333333,25.7745833333333,65108544250,37.1619,1517,0,0
2004,"BRA","Brazil",184738458,25.4965,25.2985,25.6945,6.69e+11,333.6751,0,0,0
2004,"CAN","Canada",31995000,-4.92308333333333,-5.15533333333333,-4.69083333333333,1.02e+12,585.8328,0,0,0
2004,"CHN","China",1296075000,7.71275,7.5165,7.909,1.96e+12,5125.8944,2545,0,0
2004,"DEU","Germany",82516260,9.05341666666667,8.85516666666667,9.25166666666667,2.82e+12,887.9965,0,0,142000
2004,"ESP","Spain",42921895,14.3964166666667,14.1656666666667,14.6271666666667,1.07e+12,354.2857,0,0,0
2004,"FRA","France",62704895,13.6640833333333,13.4355833333333,13.8925833333333,2.12e+12,428.9277,39,0,0
2004,"GBR","United Kingdom",59987905,9.73733333333333,9.53558333333333,9.93908333333333,2.4e+12,573.2038,0,1161,0
2004,"IDN","Indonesia",223614649,26.4348333333333,26.2368333333333,26.6328333333333,2.57e+11,340.0765,0,800126,0
2004,"IND","India",1126135777,24.6345833333333,24.4355833333333,24.8335833333333,7e+11,1145.5452,18410,33861550,0
2004,"ITA","Italy",57685327,13.5598333333333,13.3496666666667,13.77,1.8e+12,495.5278,28,207,0
2004,"JPN","Japan",127761000,13.4356666666667,13.2645,13.6068333333333,4.82e+12,1280.0361,271,421619,0
2004,"MEX","Mexico",106995583,20.9248333333333,20.7163333333333,21.1333333333333,7.82e+11,440.7996,52,0,0
2004,"NGA","Nigeria",135393616,27.5695,27.2576666666667,27.8813333333333,87845420504,103.9877,0,0,0
2004,"PAK","Pakistan",150780300,22.1430833333333,21.8380833333333,22.4480833333333,97977766198,129.9595,274,0,0
2004,"RUS","Russian Federation",144067054,-4.49358333333333,-4.71783333333333,-4.26933333333333,5.91e+11,1570.8642,0,14435,0
2005,"AUS","Australia",20394800,22.8968333333333,22.7411666666667,23.0525,6.93e+11,386.5152,31,0,0
2005,"BGD","Bangladesh",143431101,25.532,25.238,25.826,69442943089,38.9159,997,1187006,0
2005,"BRA","Brazil",186917361,25.806,25.64225,25.96975,8.92e+11,342.0865,0,0,0
2005,"CAN","Canada",32312000,-3.30875,-3.51383333333333,-3.10366666666667,1.17e+12,576.8016,0,0,0
2005,"CHN","China",1303720000,7.4135,7.2445,7.5825,2.29e+12,5771.1684,0,83955848,0
2005,"DEU","Germany",82469422,9.12841666666667,8.96358333333333,9.29325,2.86e+12,867.2235,4,617,790000
2005,"ESP","Spain",43653155,14.3035833333333,14.1064166666667,14.50075,1.16e+12,368.9641,38,0,0
2005,"FRA","France",63179351,13.69425,13.4959166666667,13.8925833333333,2.2e+12,432.6393,71,0,0
2005,"GBR","United Kingdom",60401206,9.65525,9.44683333333333,9.86366666666667,2.52e+12,570.001,11,0,0
2005,"IDN","Indonesia",226712730,26.45375,26.27125,26.63625,2.86e+11,343.5799,0,0,0
2005,"IND","India",1144118674,24.4954166666667,24.3138333333333,24.677,8.09e+11,1210.1457,6280,0,0
2005,"ITA","Italy",57969484,13.0285833333333,12.8181666666667,13.239,1.85e+12,495.234,61,0,0
2005,"JPN","Japan",127773000,12.5559166666667,12.3991666666667,12.7126666666667,4.76e+12,1286.8563,0,278834,0
2005,"MEX","Mexico",108472228,21.4135,21.21925,21.60775,8.77e+11,465.9136,0,2983703,0
2005,"NGA","Nigeria",138939478,27.7245833333333,27.2911666666667,28.158,1.12e+11,105.7058,0,0,0
2005,"PAK","Pakistan",153909667,21.2724166666667,20.9554166666667,21.5894166666667,1.1e+11,134.7562,74710,0,0
2005,"RUS","Russian Federation",143518523,-3.49808333333333,-3.71133333333333,-3.28483333333333,7.64e+11,1588.6629,0,0,0
2006,"AUS","Australia",20697900,22.2644166666667,22.0561666666667,22.4726666666667,7.46e+11,392.6819,0,0,0
2006,"BGD","Bangladesh",145368004,25.7656666666667,25.4918333333333,26.0395,71819083684,42.9557,0,237662,0
2006,"BRA","Brazil",189012412,25.517,25.281,25.753,1.11e+12,341.9464,227,0,0
2006,"CAN","Canada",32570505,-2.46016666666667,-2.68091666666667,-2.23941666666667,1.32e+12,570.4876,1,3900,0
2006,"CHN","China",1311020000,7.948,7.75825,8.13775,2.75e+12,6377.748,3081,0,0
2006,"DEU","Germany",82376451,9.706,9.49391666666667,9.91808333333333,3e+12,878.7471,0,0,0
2006,"ESP","Spain",44397319,15.1059166666667,14.8713333333333,15.3405,1.26e+12,360.2792,0,0,0
2006,"FRA","France",63621381,14.1438333333333,13.9130833333333,14.3745833333333,2.32e+12,422.1013,1406,0,0
2006,"GBR","United Kingdom",60846820,9.94341666666667,9.706,10.1808333333333,2.69e+12,567.6522,NA,NA,NA
2006,"IDN","Indonesia",229838202,26.38175,26.169,26.5945,3.65e+11,346.6997,0,0,0
2006,"IND","India",1161977719,24.7320833333333,24.51325,24.9509166666667,9.2e+11,1287.1492,1997,0,0
2006,"ITA","Italy",58143979,13.7873333333333,13.5429166666667,14.03175,1.94e+12,489.75,18,0,0
2006,"JPN","Japan",127854000,12.7570833333333,12.5573333333333,12.9568333333333,4.53e+12,1262.6395,72,23450,0
2006,"MEX","Mexico",110092378,21.4180833333333,21.1814166666667,21.65475,9.75e+11,478.8036,0,0,0
2006,"NGA","Nigeria",142614094,27.7950833333333,27.4531666666667,28.137,1.45e+11,98.4616,940,13137,0
2006,"PAK","Pakistan",157093993,21.6369166666667,21.2641666666667,22.0096666666667,1.37e+11,143.7267,642,8277,0
2006,"RUS","Russian Federation",143049528,-4.763,-5.025,-4.501,9.9e+11,1648.6587,0,19929,0
2007,"AUS","Australia",20827600,22.48675,22.3289166666667,22.6445833333333,8.52e+11,400.4157,22,5843,0
2007,"BGD","Bangladesh",147139191,25.34375,25.03575,25.65175,79611888213,43.7664,5786,23215230,0
2007,"BRA","Brazil",191026637,25.668,25.5006666666667,25.8353333333333,1.4e+12,356.9188,0,1211655,0
2007,"CAN","Canada",32887928,-4.06091666666667,-4.27458333333333,-3.84725,1.46e+12,594.1402,0,0,0
2007,"CHN","China",1317885000,8.12675,7.991,8.2625,3.55e+12,6861.7507,2220,120118869,0
2007,"DEU","Germany",82266372,9.9975,9.82133333333333,10.1736666666667,3.44e+12,852.0962,32,0,0
2007,"ESP","Spain",45226803,14.2413333333333,14.0084166666667,14.47425,1.48e+12,368.1336,62,0,0
2007,"FRA","France",64016227,13.8965833333333,13.6995,14.0936666666667,2.66e+12,412.8984,31,924,0
2007,"GBR","United Kingdom",61322463,9.7975,9.62008333333333,9.97491666666667,3.07e+12,559.322,0,0,9708000
2007,"IDN","Indonesia",232989141,26.2930833333333,26.1125,26.4736666666667,4.32e+11,377.1226,0,0,0
2007,"IND","India",1179681239,24.6499166666667,24.474,24.8258333333333,1.2e+12,1390.2535,0,0,0
2007,"ITA","Italy",58438310,14.0733333333333,13.86475,14.2819166666667,2.2e+12,480.4916,48,0,0
2007,"JPN","Japan",128001000,13.1921666666667,13.01875,13.3655833333333,4.52e+12,1300.052,87,109222,0
2007,"MEX","Mexico",111836346,21.0793333333333,20.8733333333333,21.2853333333333,1.05e+12,482.3255,210,0,0
2007,"NGA","Nigeria",146417024,27.6900833333333,27.0709166666667,28.30925,1.66e+11,94.456,814,0,0
2007,"PAK","Pakistan",160332974,21.6909166666667,21.4886666666667,21.8931666666667,1.52e+11,155.8442,988,1653011,0
2007,"RUS","Russian Federation",142805088,-2.97508333333333,-3.20408333333333,-2.74608333333333,1.3e+12,1647.7289,0,0,0
2008,"AUS","Australia",21249200,22.2259166666667,22.0596666666667,22.3921666666667,1.05e+12,405.0485,8,20400,2515000
2008,"BGD","Bangladesh",148805814,25.3895,25.1274166666667,25.6515833333333,91631278239,48.3076,0,0,0
2008,"BRA","Brazil",192979029,25.4103333333333,25.24775,25.5729166666667,1.7e+12,380.3449,417,1916781,0
2008,"CAN","Canada",33245773,-4.29525,-4.51516666666667,-4.07533333333333,1.55e+12,574.8059,0,14918,0
2008,"CHN","China",1324655000,7.56608333333333,7.39491666666667,7.73725,4.6e+12,7375.1899,0,136908837,0
2008,"DEU","Germany",82110097,9.64216666666667,9.447,9.83733333333333,3.75e+12,854.421,0,0,0
2008,"ESP","Spain",45954106,14.2295,13.9961666666667,14.4628333333333,1.64e+12,336.4901,183,41,0
2008,"FRA","France",64374989,13.5815,13.38725,13.77575,2.92e+12,406.7908,5,2706,80000
2008,"GBR","United Kingdom",61806995,9.34825,9.15441666666667,9.54208333333333,2.89e+12,544.8482,0,0,0
2008,"IDN","Indonesia",236159276,26.06525,25.8979166666667,26.2325833333333,5.1e+11,417.792,0,0,0
2008,"IND","India",1197146906,24.406,24.2279166666667,24.5840833333333,1.19e+12,1547.991,0,0,0
2008,"ITA","Italy",58826731,13.88125,13.6828333333333,14.0796666666667,2.39e+12,468.0621,9,300,278000
2008,"JPN","Japan",128063000,12.8749166666667,12.6911666666667,13.0586666666667,5.04e+12,1229.2455,108,0,0
2008,"MEX","Mexico",113661809,21.08525,20.88575,21.28475,1.11e+12,495.305,151,0,0
2008,"NGA","Nigeria",150347390,27.3256666666667,26.9001666666667,27.7511666666667,2.08e+11,94.9332,404,0,0
2008,"PAK","Pakistan",163644603,21.5351666666667,21.3281666666667,21.7421666666667,1.7e+11,155.3562,302,0,0
2008,"RUS","Russian Federation",142742350,-3.30541666666667,-3.51808333333333,-3.09275,1.66e+12,1679.7944,121,5256,0
2009,"AUS","Australia",21691700,22.6905833333333,22.50625,22.8749166666667,9.26e+11,408.6726,560,36569,0
2009,"BGD","Bangladesh",150454708,25.9049166666667,25.6474166666667,26.1624166666667,1.02e+11,52.2926,0,0,0
2009,"BRA","Brazil",194895996,25.6005833333333,25.4149166666667,25.78625,1.67e+12,360.0908,466,1992255,0
2009,"CAN","Canada",33628571,-4.13508333333333,-4.36691666666667,-3.90325,1.37e+12,540.5187,0,204,0
2009,"CHN","China",1331260000,7.8095,7.64041666666667,7.97858333333333,5.11e+12,7758.8118,0,128764797,0
2009,"DEU","Germany",81902307,9.35916666666667,9.1585,9.55983333333333,3.42e+12,789.9635,0,0,0
2009,"ESP","Spain",46362946,14.9680833333333,14.7300833333333,15.2060833333333,1.5e+12,297.2481,20,0,0
2009,"FRA","France",64707044,13.9416666666667,13.737,14.1463333333333,2.69e+12,386.9421,0,0,0
2009,"GBR","United Kingdom",62276270,9.45333333333333,9.2445,9.66216666666667,2.38e+12,494.6047,24,0,0
2009,"IDN","Indonesia",239340478,26.455,26.2575,26.6525,5.4e+11,447.3011,2027,0,0
2009,"IND","India",1214270132,25.1466666666667,24.9816666666667,25.3116666666667,1.32e+12,1720.1206,0,0,0
2009,"ITA","Italy",59095365,14.0529166666667,13.8098333333333,14.296,2.19e+12,415.9324,0,0,0
2009,"JPN","Japan",128047000,12.9338333333333,12.73225,13.1354166666667,5.23e+12,1160.2036,105,0,0
2009,"MEX","Mexico",115505228,21.5460833333333,21.3401666666667,21.752,9e+11,478.389,0,293986,0
2009,"NGA","Nigeria",154402181,27.9029166666667,27.5231666666667,28.2826666666667,1.69e+11,75.5407,1994,185327,0
2009,"PAK","Pakistan",167049580,21.9114166666667,21.6914166666667,22.1314166666667,1.68e+11,155.219,244,75381,0
2009,"RUS","Russian Federation",142785342,-4.6085,-4.83833333333333,-4.37866666666667,1.22e+12,1572.439,365,117,0
2010,"AUS","Australia",22031750,22.0781666666667,21.89675,22.2595833333333,1.14e+12,406.7528,84,0,0
2010,"BGD","Bangladesh",152149102,25.9403333333333,25.6756666666667,26.205,1.15e+11,58.2818,370,887702,0
2010,"BRA","Brazil",196796269,25.8124166666667,25.6544166666667,25.9704166666667,2.21e+12,411.2402,0,0,0
2010,"CAN","Canada",34005274,-1.88791666666667,-2.1065,-1.66933333333333,1.61e+12,555.4597,0,0,0
2010,"CHN","China",1337705000,7.54841666666667,7.35475,7.74208333333333,6.1e+12,8500.5427,0,180658297,0
2010,"DEU","Germany",81776930,8.009,7.8215,8.1965,3.42e+12,833.6849,41,0,0
2010,"ESP","Spain",46576897,14.246,14.0268333333333,14.4651666666667,1.43e+12,283.8775,17,0,0
2010,"FRA","France",65027507,13.1154166666667,12.9074166666667,13.3234166666667,2.64e+12,397.9005,81,0,0
2010,"GBR","United Kingdom",62766365,8.39433333333333,8.18775,8.60091666666667,2.44e+12,512.2143,0,0,0
2010,"IDN","Indonesia",242524123,26.537,26.3321666666667,26.7418333333333,7.55e+11,427.7895,1374,225449,0
2010,"IND","India",1230980691,25.0508333333333,24.844,25.2576666666667,1.66e+12,1700.0274,2161,0,0
2010,"ITA","Italy",59277417,13.3249166666667,13.0856666666667,13.5641666666667,2.13e+12,424.8732,0,0,0
2010,"JPN","Japan",128070000,13.2155833333333,13.028,13.4031666666667,5.7e+12,1211.5729,202,0,0
2010,"MEX","Mexico",117318941,20.8529166666667,20.6351666666667,21.0706666666667,1.06e+12,466.0907,294,0,0
2010,"NGA","Nigeria",158578261,28.00425,27.657,28.3515,3.69e+11,90.3154,2245,1561559,0
2010,"PAK","Pakistan",170560182,22.0879166666667,21.8665833333333,22.30925,1.77e+11,157.7647,2466,20397957,0
2010,"RUS","Russian Federation",142849449,-4.52058333333333,-4.73825,-4.30291666666667,1.52e+12,1657.5607,0,0,0
2011,"AUS","Australia",22340024,21.767,21.5800833333333,21.9539166666667,1.39e+12,404.2466,0,0,0
2011,"BGD","Bangladesh",153911916,25.2050833333333,24.8850833333333,25.5250833333333,1.29e+11,61.5975,165,0,0
2011,"BRA","Brazil",198686688,25.4289166666667,25.2240833333333,25.63375,2.62e+12,430.1949,0,0,0
2011,"CAN","Canada",34342780,-3.55708333333333,-3.78966666666667,-3.3245,1.79e+12,560.7759,20,9023,0
2011,"CHN","China",1344130000,7.35708333333333,7.17475,7.53941666666667,7.57e+12,9388.1992,1375,124273739,0
2011,"DEU","Germany",80274983,9.81958333333333,9.61941666666667,10.01975,3.76e+12,810.8023,14,0,0
2011,"ESP","Spain",46742697,15.3210833333333,15.0631666666667,15.579,1.49e+12,284.5947,33,0,0
2011,"FRA","France",65342775,14.4795833333333,14.2685833333333,14.6905833333333,2.86e+12,372.7926,0,0,0
2011,"GBR","United Kingdom",63258918,9.90791666666667,9.683,10.1328333333333,2.62e+12,469.8115,NA,NA,NA
2011,"IDN","Indonesia",245707511,26.20225,26.0076666666667,26.3968333333333,8.93e+11,601.3254,536,29189,0
2011,"IND","India",1247236029,24.4155833333333,24.20225,24.6289166666667,1.82e+12,1817.1716,1495,0,0
2011,"ITA","Italy",59379449,14.1731666666667,13.90275,14.4435833333333,2.28e+12,413.4315,272,0,0
2011,"JPN","Japan",127833000,12.73775,12.5475,12.928,6.16e+12,1261.3986,19976,394615,0
2011,"MEX","Mexico",119090017,21.5993333333333,21.354,21.8446666666667,1.18e+12,486.5032,0,0,0
2011,"NGA","Nigeria",162877076,27.62225,27.17775,28.06675,4.12e+11,94.2254,1034,52417,0
2011,"PAK","Pakistan",174184265,21.76825,21.54775,21.98875,2.14e+11,158.342,646,0,0
2011,"RUS","Russian Federation",142960868,-3.40158333333333,-3.62283333333333,-3.18033333333333,2.05e+12,1712.4248,0,14427,0
2012,"AUS","Australia",22742475,22.0245,21.7875,22.2615,1.54e+12,407.1461,79,0,0
2012,"BGD","Bangladesh",155727053,25.5335833333333,25.186,25.8811666666667,1.33e+11,65.6025,764,0,0
2012,"BRA","Brazil",200560983,25.7170833333333,25.4860833333333,25.9480833333333,2.47e+12,460.0631,0,4299029,0
2012,"CAN","Canada",34750545,-3.17683333333333,-3.47691666666667,-2.87675,1.82e+12,563.6752,0,0,0
2012,"CHN","China",1350695000,7.07708333333333,6.81383333333333,7.34033333333333,8.56e+12,9633.8993,0,0,0
2012,"DEU","Germany",80425823,9.22716666666667,8.98266666666667,9.47166666666667,3.54e+12,815.1974,20,0,0
2012,"ESP","Spain",46773055,14.58,14.2765833333333,14.8834166666667,1.34e+12,279.2713,14,641,0
2012,"FRA","France",65659789,13.7071666666667,13.424,13.9903333333333,2.68e+12,374.1126,12,0,0
2012,"GBR","United Kingdom",63700300,9.03741666666667,8.77291666666667,9.30191666666667,2.66e+12,487.6708,8,3785,2946000
2012,"IDN","Indonesia",248883232,26.3220833333333,26.0775,26.5666666666667,9.18e+11,633.145,295,52294,0
2012,"IND","India",1263065852,24.6408333333333,24.3699166666667,24.91175,1.83e+12,1983.7588,1026,0,0
2012,"ITA","Italy",59539717,14.079,13.7365,14.4215,2.07e+12,391.9904,0,0,0
2012,"JPN","Japan",127629000,12.5656666666667,12.30875,12.8225833333333,6.2e+12,1302.0829,186,0,0
2012,"MEX","Mexico",120828307,21.6524166666667,21.3279166666667,21.9769166666667,1.2e+12,498.6585,124,136079,0
2012,"NGA","Nigeria",167297284,27.4079166666667,26.7595,28.0563333333333,4.61e+11,96.5668,774,7016036,0
2012,"PAK","Pakistan",177911533,21.198,20.9579166666667,21.4380833333333,2.24e+11,159.7276,1125,0,0
2012,"RUS","Russian Federation",143201676,-3.90175,-4.24325,-3.56025,2.21e+12,1726.0995,0,0,0
2013,"AUS","Australia",23145901,NA,NA,NA,1.57e+12,398.1638,22,0,0
2013,"BGD","Bangladesh",157571292,NA,NA,NA,1.5e+11,67.7065,1191,0,0
2013,"BRA","Brazil",202408632,NA,NA,NA,2.47e+12,493.5935,383,261415,0
2013,"CAN","Canada",35152370,-1.64066666666667,-2.17433333333333,-1.107,1.84e+12,568.8924,0,0,7545000
2013,"CHN","China",1357380000,NA,NA,NA,9.61e+12,9796.5272,0,0,0
2013,"DEU","Germany",80645605,NA,NA,NA,3.75e+12,832.643,11,6352,17700000
2013,"ESP","Spain",46620045,NA,NA,NA,1.36e+12,252.6827,0,0,0
2013,"FRA","France",65998660,NA,NA,NA,2.81e+12,374.2586,10,0,0
2013,"GBR","United Kingdom",64128226,NA,NA,NA,2.74e+12,477.7326,783,0,0
2013,"IDN","Indonesia",252032263,NA,NA,NA,9.13e+11,486.13,0,680431,0
2013,"IND","India",1278562207,NA,NA,NA,1.86e+12,1997.8786,7659,0,0
2013,"ITA","Italy",60233948,NA,NA,NA,2.13e+12,363.3999,487,0,0
2013,"JPN","Japan",127445000,NA,NA,NA,5.16e+12,1314.0696,0,0,0
2013,"MEX","Mexico",122535969,22.2192222222222,21.8541111111111,22.5843333333333,1.27e+12,492.5597,337,0,0
2013,"NGA","Nigeria",171829303,NA,NA,NA,5.15e+11,95.8743,421,0,0
2013,"PAK","Pakistan",181712595,NA,NA,NA,2.31e+11,160.5957,797,1698760,0
2013,"RUS","Russian Federation",143506911,NA,NA,NA,2.3e+12,1665.9886,0,0,0
